"","gene"
"RVBD_0001","dnaA"
"RVBD_0002","dnaN"
"RVBD_0003","recF"
"RVBD_0004","-"
"RVBD_0005","gyrB"
"RVBD_0006","gyrA"
"RVBD_0007","-"
"RVBD_0007Ac","?"
"RVBD_0007Bc","?"
"RVBD_0008c","-"
"RVBD_0009","ppiA"
"RVBD_0010c","-"
"RVBD_0011c","-"
"RVBD_0012","-"
"RVBD_0013","trpG"
"RVBD_0014c","pknB"
"RVBD_0015c","pknA"
"RVBD_0016c","pbpA"
"RVBD_0017c","rodA"
"RVBD_0018c","pstP"
"RVBD_0019c","fhaB"
"RVBD_0020c","fhaA"
"RVBD_0021c","-"
"RVBD_0022c","whiB5"
"RVBD_0023","-"
"RVBD_0024","-"
"RVBD_0025","-"
"RVBD_0026","-"
"RVBD_0027","-"
"RVBD_0028","-"
"RVBD_0029","-"
"RVBD_0030","-"
"RVBD_0031","-"
"RVBD_0032","bioF2"
"RVBD_0033","acpA"
"RVBD_0034","-"
"RVBD_0035","fadD34"
"RVBD_0036c","-"
"RVBD_0037c","-"
"RVBD_0038","-"
"RVBD_0039c","-"
"RVBD_0040c","mtc28"
"RVBD_0041","leuS"
"RVBD_0042c","-"
"RVBD_0043c","-"
"RVBD_0044c","-"
"RVBD_0045c","-"
"RVBD_0046c","ino1"
"RVBD_0047c","-"
"RVBD_0048c","-"
"RVBD_0049","-"
"RVBD_0050","ponA1"
"RVBD_0051","-"
"RVBD_0052","-"
"RVBD_0053","rpsF"
"RVBD_0054","ssb"
"RVBD_0055","rpsR1"
"RVBD_0056","rplI"
"RVBD_0057","-"
"RVBD_0058","dnaB"
"RVBD_0059","-"
"RVBD_0060","-"
"RVBD_0061Ac","?"
"RVBD_0062","celA1"
"RVBD_0063","-"
"RVBD_0064","-"
"RVBD_0064A","vapB1"
"RVBD_0065","vapC1"
"RVBD_0066c","icd2"
"RVBD_0067c","-"
"RVBD_0068","-"
"RVBD_0069c","sdaA"
"RVBD_0070c","glyA2"
"RVBD_0071","-"
"RVBD_0072","-"
"RVBD_0073","-"
"RVBD_0074","-"
"RVBD_0075","-"
"RVBD_0076c","-"
"RVBD_0077c","-"
"RVBD_0078","-"
"RVBD_0078A","-"
"RVBD_0078Bc","?"
"RVBD_0079","-"
"RVBD_0080","-"
"RVBD_0081","-"
"RVBD_0082","-"
"RVBD_0083","-"
"RVBD_0084","hycD"
"RVBD_0085","hycP"
"RVBD_0086","hycQ"
"RVBD_0087","hycE"
"RVBD_0088","-"
"RVBD_0089","-"
"RVBD_0090","-"
"RVBD_0090A","?"
"RVBD_0091","mtn"
"RVBD_0092","ctpA"
"RVBD_0093c","-"
"RVBD_0094c","-"
"RVBD_0095c","-"
"RVBD_0096","PPE1"
"RVBD_0097","-"
"RVBD_0098","fcoT"
"RVBD_0099","fadD10"
"RVBD_0100","-"
"RVBD_0101","nrp"
"RVBD_0102","-"
"RVBD_0103c","ctpB"
"RVBD_0104","-"
"RVBD_0105c","rpmB1"
"RVBD_0106","-"
"RVBD_0107c","ctpI"
"RVBD_0108c","-"
"RVBD_0109","PE_PGRS1"
"RVBD_0110","-"
"RVBD_0111","-"
"RVBD_0112","gca"
"RVBD_0113","gmhA"
"RVBD_0114","gmhB"
"RVBD_0115","hddA"
"RVBD_0115A","?"
"RVBD_0116c","ldtA"
"RVBD_0117","oxyS"
"RVBD_0118c","oxcA"
"RVBD_0119","fadD7"
"RVBD_0120c","fusA2"
"RVBD_0121c","-"
"RVBD_0122","-"
"RVBD_0123","-"
"RVBD_0124","PE_PGRS2"
"RVBD_0125","pepA"
"RVBD_0126","treS"
"RVBD_0127","mak"
"RVBD_0128","-"
"RVBD_0129c","fbpC"
"RVBD_0130","htdZ"
"RVBD_0131c","fadE1"
"RVBD_0132c","fgd2"
"RVBD_0133","-"
"RVBD_0134","ephF"
"RVBD_0135c","-"
"RVBD_0136","cyp138"
"RVBD_0137c","msrA"
"RVBD_0138","-"
"RVBD_0139","-"
"RVBD_0140","-"
"RVBD_0141c","-"
"RVBD_0142","-"
"RVBD_0143c","-"
"RVBD_0144","-"
"RVBD_0145","-"
"RVBD_0146","-"
"RVBD_0147","-"
"RVBD_0148","-"
"RVBD_0149","-"
"RVBD_0150c","-"
"RVBD_0151c","PE1"
"RVBD_0152c","PE2"
"RVBD_0153c","ptbB"
"RVBD_0154c","fadE2"
"RVBD_0155","pntAa"
"RVBD_0156","pntAb"
"RVBD_0157","pntB"
"RVBD_0157A","-"
"RVBD_0158","-"
"RVBD_0159c","PE3"
"RVBD_0160c","PE4"
"RVBD_0161","-"
"RVBD_0162c","adhE1"
"RVBD_0163","-"
"RVBD_0164","TB18.5"
"RVBD_0165c","mce1R"
"RVBD_0166","fadD5"
"RVBD_0167","yrbE1A"
"RVBD_0168","yrbE1B"
"RVBD_0169","mce1A"
"RVBD_0170","mce1B"
"RVBD_0171","mce1C"
"RVBD_0172","mce1D"
"RVBD_0173","lprK"
"RVBD_0174","mce1F"
"RVBD_0175","-"
"RVBD_0176","-"
"RVBD_0177","-"
"RVBD_0178","-"
"RVBD_0179c","lprO"
"RVBD_0180c","-"
"RVBD_0181c","-"
"RVBD_0182c","sigG"
"RVBD_0183","-"
"RVBD_0184","-"
"RVBD_0185","-"
"RVBD_0186","bglS"
"RVBD_0187","-"
"RVBD_0188","-"
"RVBD_0189c","ilvD"
"RVBD_0190","-"
"RVBD_0191","-"
"RVBD_0192","-"
"RVBD_0193c","-"
"RVBD_0193A","?"
"RVBD_0194","-"
"RVBD_0195","-"
"RVBD_0196","-"
"RVBD_0197","-"
"RVBD_0198c","zmp1"
"RVBD_0199","-"
"RVBD_0200","-"
"RVBD_0201c","-"
"RVBD_0202c","mmpL11"
"RVBD_0203","-"
"RVBD_0204c","-"
"RVBD_0205","-"
"RVBD_0206c","mmpL3"
"RVBD_0207c","-"
"RVBD_0208c","-"
"RVBD_0209","-"
"RVBD_0210","-"
"RVBD_0211","pckA"
"RVBD_0212c","nadR"
"RVBD_0213c","-"
"RVBD_0214","fadD4"
"RVBD_0215c","fadE3"
"RVBD_0216","-"
"RVBD_0217c","lipW"
"RVBD_0218","-"
"RVBD_0219","-"
"RVBD_0220","lipC"
"RVBD_0221","-"
"RVBD_0222","echA1"
"RVBD_0223c","-"
"RVBD_0224c","-"
"RVBD_0225","-"
"RVBD_0226c","-"
"RVBD_0227c","-"
"RVBD_0228","-"
"RVBD_0229c","-"
"RVBD_0229Ac","?"
"RVBD_0230c","php"
"RVBD_0231","fadE4"
"RVBD_0232","-"
"RVBD_0233","nrdB"
"RVBD_0234c","gabD1"
"RVBD_0235c","-"
"RVBD_0236c","aftD"
"RVBD_0236A","-"
"RVBD_0237","lpqI"
"RVBD_0238","-"
"RVBD_0239","vapB24"
"RVBD_0240","vapC24"
"RVBD_0241c","htdX"
"RVBD_0242c","fabG4"
"RVBD_0243","fadA2"
"RVBD_0244c","fadE5"
"RVBD_0245","-"
"RVBD_0246","-"
"RVBD_0247c","-"
"RVBD_0248c","-"
"RVBD_0249c","-"
"RVBD_0250c","-"
"RVBD_0251c","hsp"
"RVBD_0252","nirB"
"RVBD_0253","nirD"
"RVBD_0254c","cobU"
"RVBD_0255c","cobQ1"
"RVBD_0256c","PPE2"
"RVBD_0257","-"
"RVBD_0258c","-"
"RVBD_0259c","-"
"RVBD_0260c","-"
"RVBD_0261c","narK3"
"RVBD_0262c","aac"
"RVBD_0263c","-"
"RVBD_0264c","-"
"RVBD_0265c","-"
"RVBD_0266c","oplA"
"RVBD_0267","narU"
"RVBD_0268c","-"
"RVBD_0269c","-"
"RVBD_0270","fadD2"
"RVBD_0271c","fadE6"
"RVBD_0272c","-"
"RVBD_0273c","-"
"RVBD_0274","-"
"RVBD_0275c","-"
"RVBD_0276","-"
"RVBD_0277c","vapC25"
"RVBD_0277Ac","?"
"RVBD_0278c","PE_PGRS3"
"RVBD_0279c","PE_PGRS4"
"RVBD_0279A","?"
"RVBD_0280","PPE3"
"RVBD_0281","-"
"RVBD_0282","eccA3"
"RVBD_0283","eccB3"
"RVBD_0284","eccC3"
"RVBD_0285","PE5"
"RVBD_0286","PPE4"
"RVBD_0287","esxG"
"RVBD_0288","esxH"
"RVBD_0289","espG3"
"RVBD_0290","eccD3"
"RVBD_0291","mycP3"
"RVBD_0292","eccE3"
"RVBD_0293c","-"
"RVBD_0294","tam"
"RVBD_0295c","-"
"RVBD_0296c","-"
"RVBD_0297","PE_PGRS5"
"RVBD_0298","-"
"RVBD_0299","-"
"RVBD_0300","vapB2"
"RVBD_0301","vapC2"
"RVBD_0302","-"
"RVBD_0303","-"
"RVBD_0304c","PPE5"
"RVBD_0305c","PPE6"
"RVBD_0306","-"
"RVBD_0307c","-"
"RVBD_0308","-"
"RVBD_0309","-"
"RVBD_0310c","-"
"RVBD_0311","-"
"RVBD_0312","-"
"RVBD_0313","-"
"RVBD_0314c","-"
"RVBD_0315","-"
"RVBD_0316","-"
"RVBD_0317c","glpQ2"
"RVBD_0318c","-"
"RVBD_0319","pcp"
"RVBD_0320","-"
"RVBD_0321","dcd"
"RVBD_0322","udgA"
"RVBD_0323c","-"
"RVBD_0324","-"
"RVBD_0325","-"
"RVBD_0326","-"
"RVBD_0327c","cyp135A1"
"RVBD_0328","-"
"RVBD_0329c","-"
"RVBD_0330c","-"
"RVBD_0331","-"
"RVBD_0332","-"
"RVBD_0333","-"
"RVBD_0334","rmlA"
"RVBD_0335c","PE6"
"RVBD_0336","-"
"RVBD_0337c","aspC"
"RVBD_0338c","-"
"RVBD_0339c","-"
"RVBD_0340","-"
"RVBD_0341","iniB"
"RVBD_0342","iniA"
"RVBD_0343","iniC"
"RVBD_0344c","lpqJ"
"RVBD_0345","-"
"RVBD_0346c","ansP2"
"RVBD_0347","-"
"RVBD_0348","-"
"RVBD_0349","-"
"RVBD_0350","dnaK"
"RVBD_0351","grpE"
"RVBD_0352","dnaJ1"
"RVBD_0353","hspR"
"RVBD_0354c","PPE7"
"RVBD_0355c","PPE8"
"RVBD_0356c","-"
"RVBD_0357c","purA"
"RVBD_0358","-"
"RVBD_0359","-"
"RVBD_0360c","-"
"RVBD_0361","-"
"RVBD_0362","mgtE"
"RVBD_0363c","fba"
"RVBD_0364","-"
"RVBD_0365c","-"
"RVBD_0366c","-"
"RVBD_0367c","-"
"RVBD_0368c","-"
"RVBD_0369c","-"
"RVBD_0370c","-"
"RVBD_0371c","-"
"RVBD_0372c","-"
"RVBD_0373c","-"
"RVBD_0374c","-"
"RVBD_0375c","-"
"RVBD_0376c","-"
"RVBD_0377","-"
"RVBD_0378","-"
"RVBD_0379","secE2"
"RVBD_0380c","-"
"RVBD_0381c","-"
"RVBD_0382c","pyrE"
"RVBD_0383c","-"
"RVBD_0384c","clpB"
"RVBD_0385","-"
"RVBD_0386","-"
"RVBD_0387c","-"
"RVBD_0389","purT"
"RVBD_0390","-"
"RVBD_0391","metZ"
"RVBD_0392c","ndhA"
"RVBD_0393","-"
"RVBD_0394c","-"
"RVBD_0395","-"
"RVBD_0396","-"
"RVBD_0397","-"
"RVBD_0397A","-"
"RVBD_0398c","-"
"RVBD_0399c","lpqK"
"RVBD_0400c","fadE7"
"RVBD_0401","-"
"RVBD_0402c","mmpL1"
"RVBD_0403c","mmpS1"
"RVBD_0404","fadD30"
"RVBD_0405","pks6"
"RVBD_0406c","-"
"RVBD_0407","fgd1"
"RVBD_0408","pta"
"RVBD_0409","ackA"
"RVBD_0410c","pknG"
"RVBD_0411c","glnH"
"RVBD_0412c","-"
"RVBD_0413","mutT3"
"RVBD_0414c","thiE"
"RVBD_0415","thiO"
"RVBD_0416","thiS"
"RVBD_0417","thiG"
"RVBD_0418","lpqL"
"RVBD_0419","lpqM"
"RVBD_0420c","-"
"RVBD_0421c","-"
"RVBD_0422c","thiD"
"RVBD_0423c","thiC"
"RVBD_0424c","-"
"RVBD_0425c","ctpH"
"RVBD_0426c","-"
"RVBD_0427c","xthA"
"RVBD_0428c","-"
"RVBD_0429c","def"
"RVBD_0430","-"
"RVBD_0431","-"
"RVBD_0432","sodC"
"RVBD_0433","-"
"RVBD_0434","-"
"RVBD_0435c","-"
"RVBD_0436c","pssA"
"RVBD_0437c","psd"
"RVBD_0438c","moeA2"
"RVBD_0439c","-"
"RVBD_0440","groEL2"
"RVBD_0441c","-"
"RVBD_0442c","PPE10"
"RVBD_0443","-"
"RVBD_0444c","rskA"
"RVBD_0445c","sigK"
"RVBD_0446c","-"
"RVBD_0447c","ufaA1"
"RVBD_0448c","-"
"RVBD_0449c","-"
"RVBD_0450c","mmpL4"
"RVBD_0451c","mmpS4"
"RVBD_0452","-"
"RVBD_0453","PPE11"
"RVBD_0454","-"
"RVBD_0454Ac","?"
"RVBD_0455c","-"
"RVBD_0456c","echA2"
"RVBD_0456A","mazF1"
"RVBD_0456Bc","?"
"RVBD_0457c","-"
"RVBD_0458","-"
"RVBD_0459","-"
"RVBD_0460","-"
"RVBD_0461","-"
"RVBD_0462","lpdC"
"RVBD_0463","-"
"RVBD_0464c","-"
"RVBD_0465c","-"
"RVBD_0466","-"
"RVBD_0467","icl1"
"RVBD_0468","fadB2"
"RVBD_0469","umaA"
"RVBD_0470c","pcaA"
"RVBD_0470A","-"
"RVBD_0471c","-"
"RVBD_0472c","-"
"RVBD_0473","-"
"RVBD_0474","-"
"RVBD_0475","hbhA"
"RVBD_0476","-"
"RVBD_0477","-"
"RVBD_0478","deoC"
"RVBD_0479c","-"
"RVBD_0480c","-"
"RVBD_0481c","-"
"RVBD_0482","murB"
"RVBD_0483","lprQ"
"RVBD_0484c","-"
"RVBD_0485","-"
"RVBD_0486","mshA"
"RVBD_0487","-"
"RVBD_0488","-"
"RVBD_0489","gpm1"
"RVBD_0490","senX3"
"RVBD_0491","regX3"
"RVBD_0492c","-"
"RVBD_0492A","-"
"RVBD_0493c","-"
"RVBD_0494","-"
"RVBD_0495c","-"
"RVBD_0496","-"
"RVBD_0497","-"
"RVBD_0498","-"
"RVBD_0499","-"
"RVBD_0500","proC"
"RVBD_0500A","-"
"RVBD_0500B","-"
"RVBD_0501","galE2"
"RVBD_0502","-"
"RVBD_0503c","cmaA2"
"RVBD_0504c","-"
"RVBD_0505c","serB1"
"RVBD_0506","mmpS2"
"RVBD_0507","mmpL2"
"RVBD_0508","-"
"RVBD_0509","hemA"
"RVBD_0510","hemC"
"RVBD_0511","hemD"
"RVBD_0512","hemB"
"RVBD_0513","-"
"RVBD_0514","-"
"RVBD_0515","-"
"RVBD_0516c","-"
"RVBD_0517","-"
"RVBD_0518","-"
"RVBD_0519c","-"
"RVBD_0520","-"
"RVBD_0521","-"
"RVBD_0522","gabP"
"RVBD_0523c","-"
"RVBD_0524","hemL"
"RVBD_0525","-"
"RVBD_0526","-"
"RVBD_0527","ccdA"
"RVBD_0528","-"
"RVBD_0529","ccsA"
"RVBD_0530","-"
"RVBD_0531","-"
"RVBD_0532","PE_PGRS6"
"RVBD_0533c","fabH"
"RVBD_0534c","menA"
"RVBD_0535","pnp"
"RVBD_0536","galE3"
"RVBD_0537c","-"
"RVBD_0538","-"
"RVBD_0539","-"
"RVBD_0540","-"
"RVBD_0541c","-"
"RVBD_0542c","menE"
"RVBD_0543c","-"
"RVBD_0544c","-"
"RVBD_0545c","pitA"
"RVBD_0546c","-"
"RVBD_0547c","-"
"RVBD_0548c","menB"
"RVBD_0549c","vapC3"
"RVBD_0550c","vapB3"
"RVBD_0551c","fadD8"
"RVBD_0552","-"
"RVBD_0553","menC"
"RVBD_0554","bpoC"
"RVBD_0555","menD"
"RVBD_0556","-"
"RVBD_0557","mgtA"
"RVBD_0558","menH"
"RVBD_0559c","-"
"RVBD_0560c","-"
"RVBD_0561c","-"
"RVBD_0562","grcC1"
"RVBD_0563","htpX"
"RVBD_0564c","gpdA1"
"RVBD_0565c","-"
"RVBD_0566c","-"
"RVBD_0567","-"
"RVBD_0568","cyp135B1"
"RVBD_0569","-"
"RVBD_0570","nrdZ"
"RVBD_0571c","-"
"RVBD_0571Ac","?"
"RVBD_0572c","-"
"RVBD_0573c","pncB2"
"RVBD_0574c","-"
"RVBD_0575c","-"
"RVBD_0576","-"
"RVBD_0577","TB27.3"
"RVBD_0578c","PE_PGRS7"
"RVBD_0579","-"
"RVBD_0580c","-"
"RVBD_0581","vapB26"
"RVBD_0582","vapC26"
"RVBD_0583c","lpqN"
"RVBD_0584","-"
"RVBD_0585c","-"
"RVBD_0586","mce2R"
"RVBD_0587","yrbE2A"
"RVBD_0588","yrbE2B"
"RVBD_0589","mce2A"
"RVBD_0590","mce2B"
"RVBD_0590A","-"
"RVBD_0591","mce2C"
"RVBD_0592","mce2D"
"RVBD_0593","lprL"
"RVBD_0594","mce2F"
"RVBD_0595c","vapC4"
"RVBD_0596c","vapB4"
"RVBD_0597c","-"
"RVBD_0597A","?"
"RVBD_0598c","vapC27"
"RVBD_0599c","vapB27"
"RVBD_0600c","-"
"RVBD_0601c","-"
"RVBD_0602c","tcrA"
"RVBD_0603","-"
"RVBD_0604","lpqO"
"RVBD_0605","-"
"RVBD_0606","-"
"RVBD_0607","-"
"RVBD_0608","vapB28"
"RVBD_0609","vapC28"
"RVBD_0609A","-"
"RVBD_0609Bc","?"
"RVBD_0610c","-"
"RVBD_0611c","-"
"RVBD_0612","-"
"RVBD_0613c","-"
"RVBD_0614","-"
"RVBD_0615","-"
"RVBD_0616c","-"
"RVBD_0616A","vapB29"
"RVBD_0617","vapC29"
"RVBD_0618","galTa"
"RVBD_0619","galTb"
"RVBD_0620","galK"
"RVBD_0621","-"
"RVBD_0622","-"
"RVBD_0623","vapB30"
"RVBD_0624","vapC30"
"RVBD_0625c","-"
"RVBD_0626","vapB5"
"RVBD_0627","vapC5"
"RVBD_0628c","-"
"RVBD_0629c","recD"
"RVBD_0630c","recB"
"RVBD_0631c","recC"
"RVBD_0632c","echA3"
"RVBD_0633c","-"
"RVBD_0634c","-"
"RVBD_0634A","-"
"RVBD_0634B","rpmG2"
"RVBD_0635","hadA"
"RVBD_0636","hadB"
"RVBD_0637","hadC"
"RVBD_0638","secE1"
"RVBD_0639","nusG"
"RVBD_0640","rplK"
"RVBD_0641","rplA"
"RVBD_0642c","mmaA4"
"RVBD_0643c","mmaA3"
"RVBD_0644c","mmaA2"
"RVBD_0645c","mmaA1"
"RVBD_0646c","lipG"
"RVBD_0647c","-"
"RVBD_0648","-"
"RVBD_0649","fabD2"
"RVBD_0650","-"
"RVBD_0651","rplJ"
"RVBD_0652","rplL"
"RVBD_0653c","-"
"RVBD_0654","-"
"RVBD_0655","mkl"
"RVBD_0656c","vapC6"
"RVBD_0657c","vapB6"
"RVBD_0658c","-"
"RVBD_0659c","mazF2"
"RVBD_0660c","mazE2"
"RVBD_0661c","vapC7"
"RVBD_0662c","vapB7"
"RVBD_0663","atsD"
"RVBD_0664","vapB8"
"RVBD_0665","vapC8"
"RVBD_0666","-"
"RVBD_0666A","?"
"RVBD_0667","rpoB"
"RVBD_0668","rpoC"
"RVBD_0668Ac","?"
"RVBD_0669c","-"
"RVBD_0670","end"
"RVBD_0671","lpqP"
"RVBD_0672","fadE8"
"RVBD_0673","echA4"
"RVBD_0674","-"
"RVBD_0675","echA5"
"RVBD_0676c","mmpL5"
"RVBD_0677c","mmpS5"
"RVBD_0678","-"
"RVBD_0679c","-"
"RVBD_0680c","-"
"RVBD_0681","-"
"RVBD_0682","rpsL"
"RVBD_0683","rpsG"
"RVBD_0684","fusA1"
"RVBD_0685","tuf"
"RVBD_0686","-"
"RVBD_0687","-"
"RVBD_0688","-"
"RVBD_0689c","-"
"RVBD_0690c","-"
"RVBD_0691c","-"
"RVBD_0691A","-"
"RVBD_0692","-"
"RVBD_0693","pqqE"
"RVBD_0694","lldD1"
"RVBD_0695","-"
"RVBD_0696","-"
"RVBD_0697","-"
"RVBD_0698","-"
"RVBD_0699","-"
"RVBD_0700","rpsJ"
"RVBD_0701","rplC"
"RVBD_0702","rplD"
"RVBD_0703","rplW"
"RVBD_0704","rplB"
"RVBD_0705","rpsS"
"RVBD_0706","rplV"
"RVBD_0707","rpsC"
"RVBD_0708","rplP"
"RVBD_0709","rpmC"
"RVBD_0710","rpsQ"
"RVBD_0711","atsA"
"RVBD_0712","-"
"RVBD_0713","-"
"RVBD_0714","rplN"
"RVBD_0715","rplX"
"RVBD_0716","rplE"
"RVBD_0717","rpsN1"
"RVBD_0718","rpsH"
"RVBD_0719","rplF"
"RVBD_0720","rplR"
"RVBD_0721","rpsE"
"RVBD_0722","rpmD"
"RVBD_0723","rplO"
"RVBD_0724","sppA"
"RVBD_0725c","-"
"RVBD_0726c","-"
"RVBD_0727c","fucA"
"RVBD_0728c","serA2"
"RVBD_0729","xylB"
"RVBD_0730","-"
"RVBD_0731c","-"
"RVBD_0732","secY"
"RVBD_0733","adk"
"RVBD_0734","mapA"
"RVBD_0735","sigL"
"RVBD_0736","rslA"
"RVBD_0737","-"
"RVBD_0738","-"
"RVBD_0739","-"
"RVBD_0740","-"
"RVBD_0741","-"
"RVBD_0742","PE_PGRS8"
"RVBD_0743c","-"
"RVBD_0744c","-"
"RVBD_0744Ac","?"
"RVBD_0745","-"
"RVBD_0746","PE_PGRS9"
"RVBD_0747","PE_PGRS10"
"RVBD_0748","vapB31"
"RVBD_0749","vapC31"
"RVBD_0749A","-"
"RVBD_0750","-"
"RVBD_0751c","mmsB"
"RVBD_0752c","fadE9"
"RVBD_0753c","mmsA"
"RVBD_0754","PE_PGRS11"
"RVBD_0755c","PPE12"
"RVBD_0755A","-"
"RVBD_0756c","-"
"RVBD_0757","phoP"
"RVBD_0758","phoR"
"RVBD_0759c","-"
"RVBD_0760c","-"
"RVBD_0761c","adhB"
"RVBD_0762c","-"
"RVBD_0763c","-"
"RVBD_0764c","cyp51"
"RVBD_0765c","-"
"RVBD_0766c","cyp123"
"RVBD_0767c","-"
"RVBD_0768","aldA"
"RVBD_0769","-"
"RVBD_0770","-"
"RVBD_0771","-"
"RVBD_0772","purD"
"RVBD_0773c","ggtA"
"RVBD_0774c","-"
"RVBD_0775","-"
"RVBD_0776c","-"
"RVBD_0777","purB"
"RVBD_0778","cyp126"
"RVBD_0779c","-"
"RVBD_0780","purC"
"RVBD_0781","ptrBa"
"RVBD_0782","ptrBb"
"RVBD_0782Ac","?"
"RVBD_0783c","emrB"
"RVBD_0784","-"
"RVBD_0785","-"
"RVBD_0786c","-"
"RVBD_0787","-"
"RVBD_0787A","-"
"RVBD_0788","purQ"
"RVBD_0789c","-"
"RVBD_0790c","-"
"RVBD_0791c","-"
"RVBD_0792c","-"
"RVBD_0793","-"
"RVBD_0794c","-"
"RVBD_0795","-"
"RVBD_0796","-"
"RVBD_0797","-"
"RVBD_0798c","cfp29"
"RVBD_0799c","-"
"RVBD_0800","pepC"
"RVBD_0801","-"
"RVBD_0802c","-"
"RVBD_0803","purL"
"RVBD_0804","-"
"RVBD_0805","-"
"RVBD_0806c","cpsY"
"RVBD_0807","-"
"RVBD_0808","purF"
"RVBD_0809","purM"
"RVBD_0810c","-"
"RVBD_0811c","-"
"RVBD_0812","-"
"RVBD_0813c","-"
"RVBD_0813Ac","?"
"RVBD_0814c","sseC2"
"RVBD_0815c","cysA2"
"RVBD_0816c","thiX"
"RVBD_0817c","-"
"RVBD_0818","-"
"RVBD_0819","mshD"
"RVBD_0820","phoT"
"RVBD_0821c","phoY2"
"RVBD_0822c","-"
"RVBD_0823c","-"
"RVBD_0824c","desA1"
"RVBD_0825c","-"
"RVBD_0826","-"
"RVBD_0827c","kmtR"
"RVBD_0828c","-"
"RVBD_0829","-"
"RVBD_0830","-"
"RVBD_0831c","-"
"RVBD_0832","PE_PGRS12"
"RVBD_0833","PE_PGRS13"
"RVBD_0834c","PE_PGRS14"
"RVBD_0835","lpqQ"
"RVBD_0835Ac","?"
"RVBD_0836c","-"
"RVBD_0837c","-"
"RVBD_0838","lpqR"
"RVBD_0839","-"
"RVBD_0840c","pip"
"RVBD_0841","-"
"RVBD_0842","-"
"RVBD_0843","-"
"RVBD_0844c","narL"
"RVBD_0845","-"
"RVBD_0846c","-"
"RVBD_0847","lpqS"
"RVBD_0848","cysK2"
"RVBD_0849","-"
"RVBD_0850","-"
"RVBD_0851c","-"
"RVBD_0852","fadD16"
"RVBD_0853c","pdc"
"RVBD_0854","-"
"RVBD_0855","far"
"RVBD_0856","-"
"RVBD_0857","-"
"RVBD_0858c","dapC"
"RVBD_0859","fadA"
"RVBD_0860","fadB"
"RVBD_0861c","ercc3"
"RVBD_0862c","-"
"RVBD_0863","-"
"RVBD_0864","moaC2"
"RVBD_0865","mog"
"RVBD_0866","moaE2"
"RVBD_0867c","rpfA"
"RVBD_0868c","moaD2"
"RVBD_0869c","moaA2"
"RVBD_0870c","-"
"RVBD_0871","cspB"
"RVBD_0872c","PE_PGRS15"
"RVBD_0873","fadE10"
"RVBD_0874c","-"
"RVBD_0875c","-"
"RVBD_0876c","-"
"RVBD_0877","-"
"RVBD_0878c","PPE13"
"RVBD_0879c","-"
"RVBD_0880","-"
"RVBD_0881","-"
"RVBD_0882","-"
"RVBD_0883c","-"
"RVBD_0884c","serC"
"RVBD_0885","-"
"RVBD_0886","fprB"
"RVBD_0887c","-"
"RVBD_0887B","?"
"RVBD_0888","-"
"RVBD_0889c","citA"
"RVBD_0890c","-"
"RVBD_0891c","-"
"RVBD_0891A","?"
"RVBD_0892","-"
"RVBD_0893c","-"
"RVBD_0894","-"
"RVBD_0895","-"
"RVBD_0896","gltA2"
"RVBD_0897c","-"
"RVBD_0898c","-"
"RVBD_0899","ompA"
"RVBD_0900","-"
"RVBD_0901","-"
"RVBD_0902c","prrB"
"RVBD_0903c","prrA"
"RVBD_0904c","accD3"
"RVBD_0905","echA6"
"RVBD_0906","-"
"RVBD_0907","-"
"RVBD_0908","ctpE"
"RVBD_0908A","?"
"RVBD_0909","-"
"RVBD_0910","-"
"RVBD_0911","-"
"RVBD_0912","-"
"RVBD_0912Ac","?"
"RVBD_0913c","-"
"RVBD_0914c","-"
"RVBD_0915c","PPE14"
"RVBD_0916c","PE7"
"RVBD_0917","betP"
"RVBD_0917A","?"
"RVBD_0918","-"
"RVBD_0919","-"
"RVBD_0920c","-"
"RVBD_0921","-"
"RVBD_0922","-"
"RVBD_0923c","-"
"RVBD_0924c","mntH"
"RVBD_0925c","-"
"RVBD_0926c","-"
"RVBD_0927c","-"
"RVBD_0928","pstS3"
"RVBD_0929","pstC2"
"RVBD_0930","pstA1"
"RVBD_0931c","pknD"
"RVBD_0932c","pstS2"
"RVBD_0933","pstB"
"RVBD_0934","pstS1"
"RVBD_0935","pstC1"
"RVBD_0936","pstA2"
"RVBD_0937c","mku"
"RVBD_0938","ligD"
"RVBD_0939","-"
"RVBD_0940c","-"
"RVBD_0941c","-"
"RVBD_0942","-"
"RVBD_0943c","-"
"RVBD_0944","-"
"RVBD_0945","-"
"RVBD_0946c","pgi"
"RVBD_0946Ac","?"
"RVBD_0947c","?"
"RVBD_0948c","-"
"RVBD_0949","uvrD1"
"RVBD_0950c","-"
"RVBD_0951","sucC"
"RVBD_0952","sucD"
"RVBD_0953c","-"
"RVBD_0954","-"
"RVBD_0955","-"
"RVBD_0956","purN"
"RVBD_0957","purH"
"RVBD_0958","-"
"RVBD_0959","-"
"RVBD_0959A","vapB9"
"RVBD_0960","vapC9"
"RVBD_0961","-"
"RVBD_0962c","lprP"
"RVBD_0962Ac","?"
"RVBD_0963c","-"
"RVBD_0964c","-"
"RVBD_0965c","-"
"RVBD_0966c","-"
"RVBD_0967","csoR"
"RVBD_0968","-"
"RVBD_0969","ctpV"
"RVBD_0970","-"
"RVBD_0971c","echA7"
"RVBD_0972c","fadE12"
"RVBD_0973c","accA2"
"RVBD_0974c","accD2"
"RVBD_0975c","fadE13"
"RVBD_0976c","-"
"RVBD_0977","PE_PGRS16"
"RVBD_0978c","PE_PGRS17"
"RVBD_0979c","-"
"RVBD_0979A","rpmF"
"RVBD_0980c","PE_PGRS18"
"RVBD_0981","mprA"
"RVBD_0982","mprB"
"RVBD_0983","pepD"
"RVBD_0984","moaB2"
"RVBD_0985c","mscL"
"RVBD_0986","-"
"RVBD_0987","-"
"RVBD_0988","-"
"RVBD_0989c","grcC2"
"RVBD_0990c","-"
"RVBD_0991c","-"
"RVBD_0992c","-"
"RVBD_0993","galU"
"RVBD_0994","moeA1"
"RVBD_0995","rimJ"
"RVBD_0996","-"
"RVBD_0996A","?"
"RVBD_0997","-"
"RVBD_0998","-"
"RVBD_0999","-"
"RVBD_1000c","-"
"RVBD_1001","arcA"
"RVBD_1002c","-"
"RVBD_1003","-"
"RVBD_1004c","-"
"RVBD_1005c","pabB"
"RVBD_1006","-"
"RVBD_1007c","metS"
"RVBD_1008","tatD"
"RVBD_1009","rpfB"
"RVBD_1010","ksgA"
"RVBD_1011","ispE"
"RVBD_1012","-"
"RVBD_1013","pks16"
"RVBD_1014c","pth"
"RVBD_1015c","rplY"
"RVBD_1016c","lpqT"
"RVBD_1017c","prsA"
"RVBD_1018c","glmU"
"RVBD_1019","-"
"RVBD_1020","mfd"
"RVBD_1021","-"
"RVBD_1022","lpqU"
"RVBD_1023","eno"
"RVBD_1024","-"
"RVBD_1025","-"
"RVBD_1026","-"
"RVBD_1026A","?"
"RVBD_1027c","kdpE"
"RVBD_1028c","kdpD"
"RVBD_1028X","?"
"RVBD_1029","kdpA"
"RVBD_1030","kdpB"
"RVBD_1031","kdpC"
"RVBD_1032c","trcS"
"RVBD_1033c","trcR"
"RVBD_1034c","-"
"RVBD_1035c","-"
"RVBD_1036c","-"
"RVBD_1037c","esxI"
"RVBD_1038c","esxJ"
"RVBD_1039c","PPE15"
"RVBD_1040c","PE8"
"RVBD_1040Ac","?"
"RVBD_1041c","-"
"RVBD_1043c","-"
"RVBD_1044","-"
"RVBD_1045","-"
"RVBD_1046c","-"
"RVBD_1047","-"
"RVBD_1048c","-"
"RVBD_1048Ac","?"
"RVBD_1049","-"
"RVBD_1050","-"
"RVBD_1051c","-"
"RVBD_1051Ac","?"
"RVBD_1052","-"
"RVBD_1053c","-"
"RVBD_1053A","?"
"RVBD_1054","-"
"RVBD_1055","-"
"RVBD_1056","-"
"RVBD_1057","-"
"RVBD_1058","fadD14"
"RVBD_1059","-"
"RVBD_1060","-"
"RVBD_1061","-"
"RVBD_1062","-"
"RVBD_1063c","-"
"RVBD_1064c","lpqV"
"RVBD_1065","-"
"RVBD_1066","-"
"RVBD_1067c","PE_PGRS19"
"RVBD_1068c","PE_PGRS20"
"RVBD_1068A","?"
"RVBD_1069c","-"
"RVBD_1070c","echA8"
"RVBD_1071c","echA9"
"RVBD_1072","-"
"RVBD_1073","-"
"RVBD_1074c","fadA3"
"RVBD_1075c","-"
"RVBD_1076","lipU"
"RVBD_1077","cbs"
"RVBD_1078","pra"
"RVBD_1079","metB"
"RVBD_1080c","greA"
"RVBD_1081c","-"
"RVBD_1082","mca"
"RVBD_1083","-"
"RVBD_1084","-"
"RVBD_1085c","-"
"RVBD_1086","-"
"RVBD_1087","PE_PGRS21"
"RVBD_1087A","-"
"RVBD_1088","PE9"
"RVBD_1089","PE10"
"RVBD_1089A","celA2a"
"RVBD_1090","celA2b"
"RVBD_1091","PE_PGRS22"
"RVBD_1092c","coaA"
"RVBD_1093","glyA1"
"RVBD_1094","desA2"
"RVBD_1095","phoH2"
"RVBD_1096","-"
"RVBD_1097c","-"
"RVBD_1098c","fum"
"RVBD_1099c","glpX"
"RVBD_1100","-"
"RVBD_1101c","-"
"RVBD_1102c","mazF3"
"RVBD_1103c","mazE3"
"RVBD_1104","-"
"RVBD_1105","-"
"RVBD_1106c","-"
"RVBD_1107c","xseB"
"RVBD_1108c","xseA"
"RVBD_1109c","-"
"RVBD_1110","lytB2"
"RVBD_1111c","-"
"RVBD_1112","-"
"RVBD_1113","vapB32"
"RVBD_1114","vapC32"
"RVBD_1115","-"
"RVBD_1116","-"
"RVBD_1116A","-"
"RVBD_1117","-"
"RVBD_1118c","-"
"RVBD_1119c","-"
"RVBD_1120c","-"
"RVBD_1121","zwf1"
"RVBD_1122","gnd2"
"RVBD_1123c","bpoB"
"RVBD_1124","ephC"
"RVBD_1125","-"
"RVBD_1126c","-"
"RVBD_1127c","ppdK"
"RVBD_1128c","-"
"RVBD_1129c","-"
"RVBD_1130","prpD"
"RVBD_1131","prpC"
"RVBD_1132","-"
"RVBD_1133c","metE"
"RVBD_1134","-"
"RVBD_1135c","PPE16"
"RVBD_1135A","-"
"RVBD_1136","-"
"RVBD_1137c","-"
"RVBD_1138c","-"
"RVBD_1139c","-"
"RVBD_1139Ac","?"
"RVBD_1140","-"
"RVBD_1141c","echA11"
"RVBD_1142c","echA10"
"RVBD_1143","mcr"
"RVBD_1144","-"
"RVBD_1144Ac","?"
"RVBD_1145","mmpL13a"
"RVBD_1146","mmpL13b"
"RVBD_1147","-"
"RVBD_1147A","?"
"RVBD_1148c","-"
"RVBD_1151c","-"
"RVBD_1152","-"
"RVBD_1153c","omt"
"RVBD_1154c","-"
"RVBD_1155","-"
"RVBD_1155A","?"
"RVBD_1156","-"
"RVBD_1156A","?"
"RVBD_1157c","-"
"RVBD_1158c","-"
"RVBD_1159","pimE"
"RVBD_1159A","-"
"RVBD_1160","mutT2"
"RVBD_1161","narG"
"RVBD_1162","narH"
"RVBD_1163","narJ"
"RVBD_1164","narI"
"RVBD_1165","typA"
"RVBD_1166","lpqW"
"RVBD_1167c","-"
"RVBD_1168c","PPE17"
"RVBD_1169c","lipX"
"RVBD_1170","mshB"
"RVBD_1170A","?"
"RVBD_1171","-"
"RVBD_1172c","PE12"
"RVBD_1173","fbiC"
"RVBD_1174c","TB8.4"
"RVBD_1175c","fadH"
"RVBD_1176c","-"
"RVBD_1177","fdxC"
"RVBD_1178","-"
"RVBD_1179c","-"
"RVBD_1181","pks4"
"RVBD_1182","papA3"
"RVBD_1183","mmpL10"
"RVBD_1184c","-"
"RVBD_1185c","fadD21"
"RVBD_1186c","-"
"RVBD_1187","rocA"
"RVBD_1188","-"
"RVBD_1189","sigI"
"RVBD_1190","-"
"RVBD_1191","-"
"RVBD_1192","-"
"RVBD_1193","fadD36"
"RVBD_1194c","-"
"RVBD_1195","PE13"
"RVBD_1196","PPE18"
"RVBD_1197","esxK"
"RVBD_1198","esxL"
"RVBD_1199c","-"
"RVBD_1200","-"
"RVBD_1201c","dapD"
"RVBD_1202","dapE"
"RVBD_1203c","-"
"RVBD_1204c","-"
"RVBD_1205","-"
"RVBD_1206","fadD6"
"RVBD_1207","folP2"
"RVBD_1208","gpgS"
"RVBD_1209","-"
"RVBD_1210","tagA"
"RVBD_1211","-"
"RVBD_1212c","glgA"
"RVBD_1213","glgC"
"RVBD_1214c","PE14"
"RVBD_1215c","-"
"RVBD_1216c","-"
"RVBD_1217c","-"
"RVBD_1218c","-"
"RVBD_1219c","-"
"RVBD_1220c","-"
"RVBD_1221","sigE"
"RVBD_1222","rseA"
"RVBD_1223","htrA"
"RVBD_1224","tatB"
"RVBD_1225c","-"
"RVBD_1226c","-"
"RVBD_1227c","-"
"RVBD_1228","lpqX"
"RVBD_1229c","mrp"
"RVBD_1230c","-"
"RVBD_1231c","-"
"RVBD_1232c","-"
"RVBD_1233c","-"
"RVBD_1234","-"
"RVBD_1235","lpqY"
"RVBD_1236","sugA"
"RVBD_1237","sugB"
"RVBD_1238","sugC"
"RVBD_1239c","corA"
"RVBD_1240","mdh"
"RVBD_1241","vapB33"
"RVBD_1242","vapC33"
"RVBD_1243c","PE_PGRS23"
"RVBD_1244","lpqZ"
"RVBD_1245c","-"
"RVBD_1246c","relE"
"RVBD_1247c","relB"
"RVBD_1248c","-"
"RVBD_1249c","-"
"RVBD_1250","-"
"RVBD_1251c","-"
"RVBD_1252c","lprE"
"RVBD_1253","deaD"
"RVBD_1254","-"
"RVBD_1255c","-"
"RVBD_1256c","cyp130"
"RVBD_1257c","-"
"RVBD_1258c","-"
"RVBD_1259","udgB"
"RVBD_1260","-"
"RVBD_1261c","-"
"RVBD_1262c","-"
"RVBD_1263","amiB2"
"RVBD_1264","-"
"RVBD_1265","-"
"RVBD_1266c","pknH"
"RVBD_1267c","embR"
"RVBD_1268c","-"
"RVBD_1269c","-"
"RVBD_1270c","lprA"
"RVBD_1271c","-"
"RVBD_1272c","-"
"RVBD_1273c","-"
"RVBD_1274","lprB"
"RVBD_1275","lprC"
"RVBD_1276c","-"
"RVBD_1277","-"
"RVBD_1278","-"
"RVBD_1279","-"
"RVBD_1280c","oppA"
"RVBD_1281c","oppD"
"RVBD_1282c","oppC"
"RVBD_1283c","oppB"
"RVBD_1284","canA"
"RVBD_1285","cysD"
"RVBD_1286","cysN"
"RVBD_1287","-"
"RVBD_1288","-"
"RVBD_1289","-"
"RVBD_1290c","-"
"RVBD_1290A","-"
"RVBD_1291c","-"
"RVBD_1292","argS"
"RVBD_1293","lysA"
"RVBD_1294","thrA"
"RVBD_1295","thrC"
"RVBD_1295A","?"
"RVBD_1296","thrB"
"RVBD_1297","rho"
"RVBD_1298","rpmE"
"RVBD_1299","prfA"
"RVBD_1300","hemK"
"RVBD_1301","-"
"RVBD_1302","rfe"
"RVBD_1303","-"
"RVBD_1304","atpB"
"RVBD_1305","atpE"
"RVBD_1306","atpF"
"RVBD_1307","atpH"
"RVBD_1308","atpA"
"RVBD_1309","atpG"
"RVBD_1310","atpD"
"RVBD_1311","atpC"
"RVBD_1312","-"
"RVBD_1313c","-"
"RVBD_1314c","-"
"RVBD_1315","murA"
"RVBD_1316c","ogt"
"RVBD_1317c","alkA"
"RVBD_1318c","-"
"RVBD_1319c","-"
"RVBD_1320c","-"
"RVBD_1321","-"
"RVBD_1322","-"
"RVBD_1322A","-"
"RVBD_1323","fadA4"
"RVBD_1324","-"
"RVBD_1325c","PE_PGRS24"
"RVBD_1326c","glgB"
"RVBD_1327c","glgE"
"RVBD_1328","glgP"
"RVBD_1329c","dinG"
"RVBD_1330c","pncB1"
"RVBD_1331","-"
"RVBD_1332","-"
"RVBD_1333","-"
"RVBD_1334","mec"
"RVBD_1335","cysO"
"RVBD_1336","cysM"
"RVBD_1337","-"
"RVBD_1338","murI"
"RVBD_1339","-"
"RVBD_1340","rphA"
"RVBD_1341","-"
"RVBD_1342c","-"
"RVBD_1343c","lprD"
"RVBD_1344","mbtL"
"RVBD_1345","mbtM"
"RVBD_1346","mbtN"
"RVBD_1347c","mbtK"
"RVBD_1348","irtA"
"RVBD_1349","irtB"
"RVBD_1350","fabG2"
"RVBD_1351","-"
"RVBD_1352","-"
"RVBD_1353c","-"
"RVBD_1354c","-"
"RVBD_1355c","moeY"
"RVBD_1356c","-"
"RVBD_1357c","-"
"RVBD_1357Ac","?"
"RVBD_1358","-"
"RVBD_1359","-"
"RVBD_1359Ac","?"
"RVBD_1360","-"
"RVBD_1361c","PPE19"
"RVBD_1362c","-"
"RVBD_1363c","-"
"RVBD_1364c","-"
"RVBD_1365c","rsfA"
"RVBD_1366","-"
"RVBD_1367c","-"
"RVBD_1368","lprF"
"RVBD_1369c","-"
"RVBD_1370c","-"
"RVBD_1371","-"
"RVBD_1372","-"
"RVBD_1373","-"
"RVBD_1374c","-"
"RVBD_1375","-"
"RVBD_1376","-"
"RVBD_1377c","-"
"RVBD_1378c","-"
"RVBD_1379","pyrR"
"RVBD_1380","pyrB"
"RVBD_1381","pyrC"
"RVBD_1382","-"
"RVBD_1383","carA"
"RVBD_1384","carB"
"RVBD_1385","pyrF"
"RVBD_1386","PE15"
"RVBD_1387","PPE20"
"RVBD_1388","mihF"
"RVBD_1389","gmk"
"RVBD_1390","rpoZ"
"RVBD_1391","dfp"
"RVBD_1392","metK"
"RVBD_1393c","-"
"RVBD_1394c","cyp132"
"RVBD_1395","-"
"RVBD_1396c","PE_PGRS25"
"RVBD_1397c","vapC10"
"RVBD_1398c","vapB10"
"RVBD_1399c","nlhH"
"RVBD_1400c","lipI"
"RVBD_1401","-"
"RVBD_1402","priA"
"RVBD_1403c","-"
"RVBD_1404","-"
"RVBD_1405c","-"
"RVBD_1406","fmt"
"RVBD_1407","fmu"
"RVBD_1408","rpe"
"RVBD_1409","ribG"
"RVBD_1410c","-"
"RVBD_1411c","lprG"
"RVBD_1412","ribC"
"RVBD_1413","-"
"RVBD_1414","-"
"RVBD_1415","ribA2"
"RVBD_1416","ribH"
"RVBD_1417","-"
"RVBD_1418","lprH"
"RVBD_1419","-"
"RVBD_1420","uvrC"
"RVBD_1421","-"
"RVBD_1422","-"
"RVBD_1423","whiA"
"RVBD_1424c","-"
"RVBD_1425","-"
"RVBD_1426c","lipO"
"RVBD_1427c","fadD12"
"RVBD_1428c","-"
"RVBD_1429","-"
"RVBD_1430","PE16"
"RVBD_1431","-"
"RVBD_1432","-"
"RVBD_1433","-"
"RVBD_1434","-"
"RVBD_1435c","-"
"RVBD_1436","gap"
"RVBD_1437","pgk"
"RVBD_1438","tpi"
"RVBD_1439c","-"
"RVBD_1439A","?"
"RVBD_1440","secG"
"RVBD_1441c","PE_PGRS26"
"RVBD_1442","bisC"
"RVBD_1443c","-"
"RVBD_1443A","?"
"RVBD_1443Bc","?"
"RVBD_1444c","-"
"RVBD_1445c","devB"
"RVBD_1446c","opcA"
"RVBD_1447c","zwf2"
"RVBD_1448c","tal"
"RVBD_1449c","tkt"
"RVBD_1450c","PE_PGRS27"
"RVBD_1451","ctaB"
"RVBD_1452c","PE_PGRS28"
"RVBD_1453","-"
"RVBD_1454c","qor"
"RVBD_1455","-"
"RVBD_1456c","-"
"RVBD_1457c","-"
"RVBD_1458c","-"
"RVBD_1459c","-"
"RVBD_1460","-"
"RVBD_1461","-"
"RVBD_1462","-"
"RVBD_1463","-"
"RVBD_1464","csd"
"RVBD_1465","-"
"RVBD_1466","-"
"RVBD_1467c","fadE15"
"RVBD_1468c","PE_PGRS29"
"RVBD_1469","ctpD"
"RVBD_1470","trxA"
"RVBD_1471","trxB1"
"RVBD_1472","echA12"
"RVBD_1473","-"
"RVBD_1473A","-"
"RVBD_1474c","-"
"RVBD_1475c","acn"
"RVBD_1476","-"
"RVBD_1477","ripA"
"RVBD_1478","-"
"RVBD_1479","moxR1"
"RVBD_1480","-"
"RVBD_1481","-"
"RVBD_1482c","-"
"RVBD_1483","fabG1"
"RVBD_1484","inhA"
"RVBD_1485","hemZ"
"RVBD_1486c","-"
"RVBD_1487","-"
"RVBD_1488","-"
"RVBD_1489","-"
"RVBD_1489A","-"
"RVBD_1490","-"
"RVBD_1491c","-"
"RVBD_1492","mutA"
"RVBD_1493","mutB"
"RVBD_1494","mazE4"
"RVBD_1495","mazF4"
"RVBD_1496","-"
"RVBD_1497","lipL"
"RVBD_1498c","-"
"RVBD_1498A","-"
"RVBD_1499","-"
"RVBD_1500","-"
"RVBD_1501","-"
"RVBD_1502","-"
"RVBD_1505c","-"
"RVBD_1506c","-"
"RVBD_1507c","-"
"RVBD_1507A","-"
"RVBD_1508c","-"
"RVBD_1508A","-"
"RVBD_1509","-"
"RVBD_1510","-"
"RVBD_1510A","?"
"RVBD_1511","gmdA"
"RVBD_1512","epiA"
"RVBD_1513","-"
"RVBD_1514c","-"
"RVBD_1515c","-"
"RVBD_1516c","-"
"RVBD_1517","-"
"RVBD_1518","-"
"RVBD_1519","-"
"RVBD_1520","-"
"RVBD_1520Ac","?"
"RVBD_1521","fadD25"
"RVBD_1522c","mmpL12"
"RVBD_1523","-"
"RVBD_1524","-"
"RVBD_1525","wbbL2"
"RVBD_1526c","-"
"RVBD_1527c","pks5"
"RVBD_1528c","papA4"
"RVBD_1529","fadD24"
"RVBD_1530","adh"
"RVBD_1531","-"
"RVBD_1532c","-"
"RVBD_1533","-"
"RVBD_1534","-"
"RVBD_1535","-"
"RVBD_1536","ileS"
"RVBD_1537","dinX"
"RVBD_1538c","ansA"
"RVBD_1539","lspA"
"RVBD_1540","-"
"RVBD_1541c","lprI"
"RVBD_1542c","glbN"
"RVBD_1543","-"
"RVBD_1544","-"
"RVBD_1545","-"
"RVBD_1546","-"
"RVBD_1547","dnaE1"
"RVBD_1548c","PPE21"
"RVBD_1549","fadD11.1"
"RVBD_1550","fadD11"
"RVBD_1551","plsB1"
"RVBD_1551A","?"
"RVBD_1552","frdA"
"RVBD_1553","frdB"
"RVBD_1554","frdC"
"RVBD_1555","frdD"
"RVBD_1556","-"
"RVBD_1557","mmpL6"
"RVBD_1558","-"
"RVBD_1559","ilvA"
"RVBD_1560","vapB11"
"RVBD_1561","vapC11"
"RVBD_1562c","treZ"
"RVBD_1563c","treY"
"RVBD_1564c","treX"
"RVBD_1565c","-"
"RVBD_1566c","-"
"RVBD_1567c","-"
"RVBD_1568","bioA"
"RVBD_1569","bioF1"
"RVBD_1570","bioD"
"RVBD_1571","-"
"RVBD_1572c","-"
"RVBD_1573","-"
"RVBD_1574","-"
"RVBD_1576c","-"
"RVBD_1577c","-"
"RVBD_1578c","-"
"RVBD_1579c","-"
"RVBD_1580c","-"
"RVBD_1581c","-"
"RVBD_1581Ac","?"
"RVBD_1582c","-"
"RVBD_1583c","-"
"RVBD_1584c","-"
"RVBD_1585c","-"
"RVBD_1586c","-"
"RVBD_1587c","-"
"RVBD_1588c","-"
"RVBD_1589","bioB"
"RVBD_1590","-"
"RVBD_1591","-"
"RVBD_1592c","-"
"RVBD_1593c","-"
"RVBD_1594","nadA"
"RVBD_1595","nadB"
"RVBD_1596","nadC"
"RVBD_1597","-"
"RVBD_1598c","-"
"RVBD_1599","hisD"
"RVBD_1600","hisC1"
"RVBD_1601","hisB"
"RVBD_1602","hisH"
"RVBD_1603","hisA"
"RVBD_1604","impA"
"RVBD_1605","hisF"
"RVBD_1606","hisI"
"RVBD_1607","chaA"
"RVBD_1608c","bcpB"
"RVBD_1609","trpE"
"RVBD_1610","-"
"RVBD_1611","trpC"
"RVBD_1612","trpB"
"RVBD_1613","trpA"
"RVBD_1614","lgt"
"RVBD_1615","-"
"RVBD_1616","-"
"RVBD_1617","pykA"
"RVBD_1618","tesB1"
"RVBD_1619","-"
"RVBD_1620c","cydC"
"RVBD_1621c","cydD"
"RVBD_1622c","cydB"
"RVBD_1623c","cydA"
"RVBD_1624c","-"
"RVBD_1625c","cya"
"RVBD_1626","-"
"RVBD_1627c","-"
"RVBD_1628c","-"
"RVBD_1629","polA"
"RVBD_1630","rpsA"
"RVBD_1631","coaE"
"RVBD_1632c","-"
"RVBD_1633","uvrB"
"RVBD_1634","-"
"RVBD_1635c","-"
"RVBD_1635A","?"
"RVBD_1636","TB15.3"
"RVBD_1637c","-"
"RVBD_1638","uvrA"
"RVBD_1638A","-"
"RVBD_1639c","-"
"RVBD_1640c","lysX"
"RVBD_1641","infC"
"RVBD_1642","rpmI"
"RVBD_1643","rplT"
"RVBD_1644","tsnR"
"RVBD_1645c","-"
"RVBD_1646","PE17"
"RVBD_1647","-"
"RVBD_1648","-"
"RVBD_1649","pheS"
"RVBD_1650","pheT"
"RVBD_1651c","PE_PGRS30"
"RVBD_1652","argC"
"RVBD_1653","argJ"
"RVBD_1654","argB"
"RVBD_1655","argD"
"RVBD_1656","argF"
"RVBD_1657","argR"
"RVBD_1658","argG"
"RVBD_1659","argH"
"RVBD_1660","pks10"
"RVBD_1661","pks7"
"RVBD_1662","pks8"
"RVBD_1663","pks17"
"RVBD_1664","pks9"
"RVBD_1665","pks11"
"RVBD_1666c","cyp139"
"RVBD_1667c","-"
"RVBD_1668c","-"
"RVBD_1669","-"
"RVBD_1670","-"
"RVBD_1671","-"
"RVBD_1672c","-"
"RVBD_1673c","-"
"RVBD_1674c","-"
"RVBD_1674A","?"
"RVBD_1675c","cmr"
"RVBD_1676","-"
"RVBD_1677","dsbF"
"RVBD_1678","-"
"RVBD_1679","fadE16"
"RVBD_1680","-"
"RVBD_1681","moeX"
"RVBD_1682","-"
"RVBD_1683","-"
"RVBD_1684","-"
"RVBD_1685c","-"
"RVBD_1686c","-"
"RVBD_1687c","-"
"RVBD_1688","mpg"
"RVBD_1689","tyrS"
"RVBD_1690","lprJ"
"RVBD_1691","-"
"RVBD_1692","-"
"RVBD_1693","-"
"RVBD_1694","tlyA"
"RVBD_1695","ppnK"
"RVBD_1696","recN"
"RVBD_1697","-"
"RVBD_1698","mctB"
"RVBD_1699","pyrG"
"RVBD_1700","-"
"RVBD_1701","-"
"RVBD_1702c","-"
"RVBD_1702Ac","?"
"RVBD_1703c","-"
"RVBD_1704c","cycA"
"RVBD_1705c","PPE22"
"RVBD_1706c","PPE23"
"RVBD_1706Xc","?"
"RVBD_1706A","-"
"RVBD_1707","-"
"RVBD_1708","-"
"RVBD_1709","scpA"
"RVBD_1710","scpB"
"RVBD_1711","-"
"RVBD_1712","cmk"
"RVBD_1713","engA"
"RVBD_1714","-"
"RVBD_1715","fadB3"
"RVBD_1716","-"
"RVBD_1717","-"
"RVBD_1718","-"
"RVBD_1719","-"
"RVBD_1719A","?"
"RVBD_1720c","vapC12"
"RVBD_1721c","vapB12"
"RVBD_1722","-"
"RVBD_1723","-"
"RVBD_1724c","-"
"RVBD_1725c","-"
"RVBD_1726","-"
"RVBD_1727","-"
"RVBD_1728c","-"
"RVBD_1729c","-"
"RVBD_1730c","-"
"RVBD_1731","gabD2"
"RVBD_1732c","-"
"RVBD_1733c","-"
"RVBD_1733A","?"
"RVBD_1734c","-"
"RVBD_1735c","-"
"RVBD_1735Ac","?"
"RVBD_1736c","narX"
"RVBD_1737c","narK2"
"RVBD_1738","-"
"RVBD_1739c","-"
"RVBD_1740","vapB34"
"RVBD_1741","vapC34"
"RVBD_1742","-"
"RVBD_1743","pknE"
"RVBD_1744c","-"
"RVBD_1745c","idi"
"RVBD_1746","pknF"
"RVBD_1747","-"
"RVBD_1748","-"
"RVBD_1749c","-"
"RVBD_1750c","fadD1"
"RVBD_1751","-"
"RVBD_1752","-"
"RVBD_1753c","PPE24"
"RVBD_1754c","-"
"RVBD_1755c","plcD"
"RVBD_1756c","-"
"RVBD_1757c","-"
"RVBD_1758","cut1"
"RVBD_1759c","wag22"
"RVBD_1760","-"
"RVBD_1761c","-"
"RVBD_1762c","-"
"RVBD_1762Ac","?"
"RVBD_1763","-"
"RVBD_1764","-"
"RVBD_1765c","-"
"RVBD_1765A","-"
"RVBD_1766","-"
"RVBD_1767","-"
"RVBD_1768","PE_PGRS31"
"RVBD_1769","-"
"RVBD_1770","-"
"RVBD_1771","-"
"RVBD_1772","-"
"RVBD_1773c","-"
"RVBD_1774","-"
"RVBD_1775","-"
"RVBD_1776c","-"
"RVBD_1777","cyp144"
"RVBD_1778c","-"
"RVBD_1779c","-"
"RVBD_1780","-"
"RVBD_1781c","malQ"
"RVBD_1782","eccB5"
"RVBD_1784","?"
"RVBD_1785c","cyp143"
"RVBD_1786","-"
"RVBD_1787","PPE25"
"RVBD_1788","PE18"
"RVBD_1789","PPE26"
"RVBD_1790","PPE27"
"RVBD_1791","PE19"
"RVBD_1792","?"
"RVBD_1792A","?"
"RVBD_1793","esxN"
"RVBD_1794","-"
"RVBD_1795","eccD5"
"RVBD_1796","mycP5"
"RVBD_1797","eccE5"
"RVBD_1798","eccA5"
"RVBD_1799","lppT"
"RVBD_1800","PPE28"
"RVBD_1801","PPE29"
"RVBD_1802","PPE30"
"RVBD_1803c","PE_PGRS32"
"RVBD_1804c","-"
"RVBD_1805c","-"
"RVBD_1806","PE20"
"RVBD_1807","PPE31"
"RVBD_1808","PPE32"
"RVBD_1809","PPE33"
"RVBD_1810","-"
"RVBD_1811","mgtC"
"RVBD_1812c","-"
"RVBD_1813c","-"
"RVBD_1814","erg3"
"RVBD_1815","-"
"RVBD_1816","-"
"RVBD_1817","-"
"RVBD_1818c","PE_PGRS33"
"RVBD_1819c","bacA"
"RVBD_1820","ilvG"
"RVBD_1821","secA2"
"RVBD_1822","pgsA2"
"RVBD_1823","-"
"RVBD_1824","-"
"RVBD_1825","-"
"RVBD_1826","gcvH"
"RVBD_1827","garA"
"RVBD_1828","-"
"RVBD_1829","-"
"RVBD_1830","-"
"RVBD_1831","-"
"RVBD_1832","gcvB"
"RVBD_1833c","-"
"RVBD_1834","lipZ"
"RVBD_1835c","-"
"RVBD_1836c","-"
"RVBD_1837c","glcB"
"RVBD_1838c","vapC13"
"RVBD_1839c","vapB13"
"RVBD_1840c","PE_PGRS34"
"RVBD_1841c","-"
"RVBD_1842c","-"
"RVBD_1843c","guaB1"
"RVBD_1844c","gnd1"
"RVBD_1845c","blaR"
"RVBD_1846c","blaI"
"RVBD_1847","-"
"RVBD_1848","ureA"
"RVBD_1849","ureB"
"RVBD_1850","ureC"
"RVBD_1851","ureF"
"RVBD_1852","ureG"
"RVBD_1853","ureD"
"RVBD_1854c","ndh"
"RVBD_1855c","-"
"RVBD_1856c","-"
"RVBD_1857","modA"
"RVBD_1858","modB"
"RVBD_1859","modC"
"RVBD_1860","apa"
"RVBD_1861","-"
"RVBD_1862","adhA"
"RVBD_1863c","-"
"RVBD_1864c","-"
"RVBD_1865c","-"
"RVBD_1866","-"
"RVBD_1867","-"
"RVBD_1868","-"
"RVBD_1869c","-"
"RVBD_1870c","-"
"RVBD_1871c","-"
"RVBD_1872c","lldD2"
"RVBD_1873","-"
"RVBD_1874","-"
"RVBD_1875","-"
"RVBD_1876","bfrA"
"RVBD_1877","-"
"RVBD_1878","glnA3"
"RVBD_1879","-"
"RVBD_1880c","cyp140"
"RVBD_1881c","lppE"
"RVBD_1882c","-"
"RVBD_1883c","-"
"RVBD_1884c","rpfC"
"RVBD_1885c","-"
"RVBD_1886c","fbpB"
"RVBD_1886A","?"
"RVBD_1887","-"
"RVBD_1888c","-"
"RVBD_1888A","-"
"RVBD_1889c","-"
"RVBD_1890c","-"
"RVBD_1891","-"
"RVBD_1892","-"
"RVBD_1893","-"
"RVBD_1894c","-"
"RVBD_1894A","?"
"RVBD_1895","-"
"RVBD_1896c","-"
"RVBD_1897c","-"
"RVBD_1898","-"
"RVBD_1899c","lppD"
"RVBD_1900c","lipJ"
"RVBD_1901","cinA"
"RVBD_1902c","nanT"
"RVBD_1903","-"
"RVBD_1904","-"
"RVBD_1905c","aao"
"RVBD_1906c","-"
"RVBD_1907c","-"
"RVBD_1908c","katG"
"RVBD_1909c","furA"
"RVBD_1910c","-"
"RVBD_1911c","lppC"
"RVBD_1912c","fadB5"
"RVBD_1913","-"
"RVBD_1914c","-"
"RVBD_1915","aceAa"
"RVBD_1916","aceAb"
"RVBD_1917c","PPE34"
"RVBD_1918c","PPE35"
"RVBD_1919c","-"
"RVBD_1920","-"
"RVBD_1921c","lppF"
"RVBD_1922","-"
"RVBD_1923","lipD"
"RVBD_1924c","-"
"RVBD_1925","fadD31"
"RVBD_1926c","mpt63"
"RVBD_1927","-"
"RVBD_1928c","-"
"RVBD_1929c","-"
"RVBD_1930c","-"
"RVBD_1931c","-"
"RVBD_1932","tpx"
"RVBD_1933c","fadE18"
"RVBD_1934c","fadE17"
"RVBD_1935c","echA13"
"RVBD_1936","-"
"RVBD_1937","-"
"RVBD_1938","ephB"
"RVBD_1939","-"
"RVBD_1940","ribA1"
"RVBD_1941","-"
"RVBD_1942c","mazF5"
"RVBD_1943c","mazE5"
"RVBD_1944c","-"
"RVBD_1945","-"
"RVBD_1946c","lppG"
"RVBD_1947","-"
"RVBD_1948c","-"
"RVBD_1949c","-"
"RVBD_1950c","-"
"RVBD_1951c","-"
"RVBD_1952","vapB14"
"RVBD_1953","vapC14"
"RVBD_1954c","-"
"RVBD_1955","higB"
"RVBD_1956","higA"
"RVBD_1957","-"
"RVBD_1958c","-"
"RVBD_1959c","parE1"
"RVBD_1960c","parD1"
"RVBD_1961","-"
"RVBD_1961A","?"
"RVBD_1962c","vapC35"
"RVBD_1962Ac","?"
"RVBD_1963c","mce3R"
"RVBD_1963Ac","?"
"RVBD_1964","yrbE3A"
"RVBD_1965","yrbE3B"
"RVBD_1966","mce3A"
"RVBD_1967","mce3B"
"RVBD_1968","mce3C"
"RVBD_1969","mce3D"
"RVBD_1970","lprM"
"RVBD_1971","mce3F"
"RVBD_1972","-"
"RVBD_1973","-"
"RVBD_1974","-"
"RVBD_1975","-"
"RVBD_1976c","-"
"RVBD_1977","-"
"RVBD_1978","-"
"RVBD_1979c","-"
"RVBD_1980c","mpt64"
"RVBD_1981c","nrdF1"
"RVBD_1981Ac","?"
"RVBD_1982c","vapC36"
"RVBD_1982Ac","?"
"RVBD_1983","PE_PGRS35"
"RVBD_1984c","cfp21"
"RVBD_1984A","?"
"RVBD_1985c","-"
"RVBD_1986","-"
"RVBD_1987","-"
"RVBD_1988","erm(37)"
"RVBD_1989c","-"
"RVBD_1990c","-"
"RVBD_1990A","-"
"RVBD_1991c","mazF6"
"RVBD_1991Ac","?"
"RVBD_1992c","ctpG"
"RVBD_1993c","-"
"RVBD_1994c","cmtR"
"RVBD_1995","-"
"RVBD_1996","-"
"RVBD_1997","ctpF"
"RVBD_1998c","-"
"RVBD_1999c","-"
"RVBD_2000","-"
"RVBD_2001","-"
"RVBD_2002","fabG3"
"RVBD_2003c","-"
"RVBD_2004c","-"
"RVBD_2005c","-"
"RVBD_2006","otsB1"
"RVBD_2007c","fdxA"
"RVBD_2008c","-"
"RVBD_2009","vapB15"
"RVBD_2010","vapC15"
"RVBD_2011c","-"
"RVBD_2012","-"
"RVBD_2013","-"
"RVBD_2014","-"
"RVBD_2015c","-"
"RVBD_2016","-"
"RVBD_2017","-"
"RVBD_2018","-"
"RVBD_2019","-"
"RVBD_2020c","-"
"RVBD_2021c","-"
"RVBD_2022c","-"
"RVBD_2023c","-"
"RVBD_2023A","?"
"RVBD_2024c","-"
"RVBD_2025c","-"
"RVBD_2026c","-"
"RVBD_2027c","dosT"
"RVBD_2028c","-"
"RVBD_2029c","pfkB"
"RVBD_2030c","-"
"RVBD_2031c","hspX"
"RVBD_2032","acg"
"RVBD_2033c","-"
"RVBD_2034","-"
"RVBD_2035","-"
"RVBD_2036","-"
"RVBD_2037c","-"
"RVBD_2038c","-"
"RVBD_2039c","-"
"RVBD_2040c","-"
"RVBD_2041c","-"
"RVBD_2042c","-"
"RVBD_2043c","pncA"
"RVBD_2044c","-"
"RVBD_2045c","lipT"
"RVBD_2046","lppI"
"RVBD_2047c","-"
"RVBD_2048c","pks12"
"RVBD_2049c","-"
"RVBD_2050","-"
"RVBD_2051c","ppm1"
"RVBD_2052c","-"
"RVBD_2053c","fxsA"
"RVBD_2054","-"
"RVBD_2055c","rpsR2"
"RVBD_2056c","rpsN2"
"RVBD_2057c","rpmG1"
"RVBD_2058c","rpmB2"
"RVBD_2059","-"
"RVBD_2060","-"
"RVBD_2061c","-"
"RVBD_2062c","cobN"
"RVBD_2063","mazE7"
"RVBD_2063A","mazF7"
"RVBD_2064","cobG"
"RVBD_2065","cobH"
"RVBD_2066","cobI"
"RVBD_2067c","-"
"RVBD_2068c","blaC"
"RVBD_2069","sigC"
"RVBD_2070c","cobK"
"RVBD_2071c","cobM"
"RVBD_2072c","cobL"
"RVBD_2073c","-"
"RVBD_2074","-"
"RVBD_2075c","-"
"RVBD_2076c","-"
"RVBD_2077c","-"
"RVBD_2077A","-"
"RVBD_2077Bc","?"
"RVBD_2078","-"
"RVBD_2079","-"
"RVBD_2080","lppJ"
"RVBD_2081c","-"
"RVBD_2082","-"
"RVBD_2083","-"
"RVBD_2084","-"
"RVBD_2085","-"
"RVBD_2086","-"
"RVBD_2087","-"
"RVBD_2088","pknJ"
"RVBD_2089c","pepE"
"RVBD_2090","-"
"RVBD_2091c","-"
"RVBD_2092c","helY"
"RVBD_2093c","tatC"
"RVBD_2094c","tatA"
"RVBD_2095c","pafC"
"RVBD_2096c","pafB"
"RVBD_2097c","pafA"
"RVBD_2098c","?"
"RVBD_2099c","?"
"RVBD_2100","-"
"RVBD_2101","helZ"
"RVBD_2102","-"
"RVBD_2103c","vapC37"
"RVBD_2104c","vapB37"
"RVBD_2104Ac","?"
"RVBD_2105","-"
"RVBD_2106","-"
"RVBD_2107","PE22"
"RVBD_2108","PPE36"
"RVBD_2109c","prcA"
"RVBD_2110c","prcB"
"RVBD_2111c","pup"
"RVBD_2112c","dop"
"RVBD_2113","-"
"RVBD_2114","-"
"RVBD_2115c","mpa"
"RVBD_2116","lppK"
"RVBD_2117","-"
"RVBD_2118c","-"
"RVBD_2119","-"
"RVBD_2120c","-"
"RVBD_2121c","hisG"
"RVBD_2122c","hisE"
"RVBD_2123","PPE37"
"RVBD_2124c","metH"
"RVBD_2125","-"
"RVBD_2126c","PE_PGRS37"
"RVBD_2127","ansP1"
"RVBD_2128","-"
"RVBD_2129c","-"
"RVBD_2130c","mshC"
"RVBD_2131c","cysQ"
"RVBD_2132","-"
"RVBD_2132Ac","?"
"RVBD_2133c","-"
"RVBD_2134c","-"
"RVBD_2135c","-"
"RVBD_2136c","-"
"RVBD_2137c","-"
"RVBD_2138","lppL"
"RVBD_2138A","?"
"RVBD_2139","pyrD"
"RVBD_2140c","TB18.6"
"RVBD_2141c","-"
"RVBD_2142c","parE2"
"RVBD_2142Ac","?"
"RVBD_2143","-"
"RVBD_2144c","-"
"RVBD_2145c","wag31"
"RVBD_2146c","-"
"RVBD_2147c","-"
"RVBD_2148c","-"
"RVBD_2149c","yfiH"
"RVBD_2150c","ftsZ"
"RVBD_2151c","ftsQ"
"RVBD_2152c","murC"
"RVBD_2153c","murG"
"RVBD_2154c","ftsW"
"RVBD_2155c","murD"
"RVBD_2156c","murX"
"RVBD_2157c","murF"
"RVBD_2158c","murE"
"RVBD_2159c","-"
"RVBD_2160A","-"
"RVBD_2161c","-"
"RVBD_2162c","PE_PGRS38"
"RVBD_2163c","pbpB"
"RVBD_2164c","-"
"RVBD_2165c","-"
"RVBD_2166c","-"
"RVBD_2167c","-"
"RVBD_2168c","-"
"RVBD_2169c","-"
"RVBD_2170","-"
"RVBD_2171","lppM"
"RVBD_2172c","-"
"RVBD_2173","idsA2"
"RVBD_2174","mptA"
"RVBD_2175c","-"
"RVBD_2176","pknL"
"RVBD_2177c","-"
"RVBD_2178c","aroG"
"RVBD_2179c","-"
"RVBD_2180c","-"
"RVBD_2181","-"
"RVBD_2182c","-"
"RVBD_2183c","-"
"RVBD_2184c","-"
"RVBD_2185c","TB16.3"
"RVBD_2186c","-"
"RVBD_2187","fadD15"
"RVBD_2188c","pimB"
"RVBD_2189c","-"
"RVBD_2190c","-"
"RVBD_2190Ac","?"
"RVBD_2191","-"
"RVBD_2192c","trpD"
"RVBD_2193","ctaE"
"RVBD_2194","qcrC"
"RVBD_2195","qcrA"
"RVBD_2196","qcrB"
"RVBD_2197c","-"
"RVBD_2198c","mmpS3"
"RVBD_2199c","-"
"RVBD_2200c","ctaC"
"RVBD_2201","asnB"
"RVBD_2202c","adoK"
"RVBD_2203","-"
"RVBD_2204c","-"
"RVBD_2205c","-"
"RVBD_2206","-"
"RVBD_2207","cobT"
"RVBD_2208","cobS"
"RVBD_2209","-"
"RVBD_2210c","ilvE"
"RVBD_2211c","gcvT"
"RVBD_2212","-"
"RVBD_2213","pepB"
"RVBD_2214c","ephD"
"RVBD_2215","dlaT"
"RVBD_2216","-"
"RVBD_2217","lipB"
"RVBD_2218","lipA"
"RVBD_2219","-"
"RVBD_2219A","-"
"RVBD_2220","glnA1"
"RVBD_2221c","glnE"
"RVBD_2222c","glnA2"
"RVBD_2223c","-"
"RVBD_2224c","caeA"
"RVBD_2225","panB"
"RVBD_2226","-"
"RVBD_2227","-"
"RVBD_2228c","-"
"RVBD_2229c","-"
"RVBD_2230c","-"
"RVBD_2231c","cobC"
"RVBD_2231Ac","?"
"RVBD_2231Bc","?"
"RVBD_2232","ptkA"
"RVBD_2234","ptpA"
"RVBD_2235","-"
"RVBD_2236c","cobD"
"RVBD_2237","-"
"RVBD_2237Ac","?"
"RVBD_2238c","ahpE"
"RVBD_2239c","-"
"RVBD_2240c","-"
"RVBD_2241","aceE"
"RVBD_2242","-"
"RVBD_2243","fabD"
"RVBD_2244","acpM"
"RVBD_2245","kasA"
"RVBD_2246","kasB"
"RVBD_2247","accD6"
"RVBD_2248","-"
"RVBD_2249c","glpD1"
"RVBD_2250c","-"
"RVBD_2251","-"
"RVBD_2252","-"
"RVBD_2253","-"
"RVBD_2254c","-"
"RVBD_2255c","-"
"RVBD_2255A","?"
"RVBD_2256c","-"
"RVBD_2257c","-"
"RVBD_2258c","-"
"RVBD_2259","mscR"
"RVBD_2260","-"
"RVBD_2261c","-"
"RVBD_2262c","-"
"RVBD_2263","-"
"RVBD_2264c","-"
"RVBD_2265","-"
"RVBD_2266","cyp124"
"RVBD_2267c","-"
"RVBD_2268c","cyp128"
"RVBD_2269c","-"
"RVBD_2270","lppN"
"RVBD_2271","-"
"RVBD_2272","-"
"RVBD_2273","-"
"RVBD_2274c","mazF8"
"RVBD_2274Ac","?"
"RVBD_2275","-"
"RVBD_2276","cyp121"
"RVBD_2277c","-"
"RVBD_2278","-"
"RVBD_2279","-"
"RVBD_2280","-"
"RVBD_2281","pitB"
"RVBD_2282c","-"
"RVBD_2283","-"
"RVBD_2284","lipM"
"RVBD_2285","-"
"RVBD_2286c","-"
"RVBD_2287","yjcE"
"RVBD_2288","-"
"RVBD_2289","cdh"
"RVBD_2290","lppO"
"RVBD_2291","sseB"
"RVBD_2292c","-"
"RVBD_2293c","-"
"RVBD_2294","-"
"RVBD_2295","-"
"RVBD_2296","-"
"RVBD_2297","-"
"RVBD_2298","-"
"RVBD_2299c","htpG"
"RVBD_2300c","-"
"RVBD_2301","cut2"
"RVBD_2302","-"
"RVBD_2303c","-"
"RVBD_2304c","-"
"RVBD_2305","-"
"RVBD_2306A","-"
"RVBD_2306B","-"
"RVBD_2307c","-"
"RVBD_2307A","-"
"RVBD_2307B","-"
"RVBD_2307D","-"
"RVBD_2308","-"
"RVBD_2308X","?"
"RVBD_2308Ac","?"
"RVBD_2309c","-"
"RVBD_2309Xc","?"
"RVBD_2309A","-"
"RVBD_2310","-"
"RVBD_2311","-"
"RVBD_2312","-"
"RVBD_2313c","-"
"RVBD_2314c","-"
"RVBD_2315c","-"
"RVBD_2316","uspA"
"RVBD_2317","uspB"
"RVBD_2318","uspC"
"RVBD_2319c","-"
"RVBD_2320c","rocE"
"RVBD_2321c","rocD2"
"RVBD_2322c","rocD1"
"RVBD_2323c","-"
"RVBD_2324","-"
"RVBD_2325c","-"
"RVBD_2326c","-"
"RVBD_2327","-"
"RVBD_2328","PE23"
"RVBD_2329c","narK1"
"RVBD_2330c","lppP"
"RVBD_2331","-"
"RVBD_2331A","-"
"RVBD_2332","mez"
"RVBD_2333c","stp"
"RVBD_2334","cysK1"
"RVBD_2335","cysE"
"RVBD_2336","-"
"RVBD_2337c","-"
"RVBD_2338c","moeW"
"RVBD_2339","mmpL9"
"RVBD_2340c","PE_PGRS39"
"RVBD_2341","lppQ"
"RVBD_2342","-"
"RVBD_2343c","dnaG"
"RVBD_2344c","dgt"
"RVBD_2345","-"
"RVBD_2346c","esxO"
"RVBD_2347c","esxP"
"RVBD_2348c","-"
"RVBD_2349c","plcC"
"RVBD_2350c","plcB"
"RVBD_2351c","plcA"
"RVBD_2352c","PPE38"
"RVBD_2353c","PPE39"
"RVBD_2354","-"
"RVBD_2355","-"
"RVBD_2356c","PPE40"
"RVBD_2357c","glyS"
"RVBD_2358","smtB"
"RVBD_2359","zur"
"RVBD_2360c","-"
"RVBD_2361c","-"
"RVBD_2362c","recO"
"RVBD_2363","amiA2"
"RVBD_2364c","era"
"RVBD_2365c","-"
"RVBD_2366c","-"
"RVBD_2367c","-"
"RVBD_2368c","phoH1"
"RVBD_2370c","-"
"RVBD_2371","PE_PGRS40"
"RVBD_2371A","?"
"RVBD_2372c","-"
"RVBD_2373c","dnaJ2"
"RVBD_2374c","hrcA"
"RVBD_2375","-"
"RVBD_2376c","cfp2"
"RVBD_2377c","mbtH"
"RVBD_2378c","mbtG"
"RVBD_2379c","mbtF"
"RVBD_2380c","mbtE"
"RVBD_2381c","mbtD"
"RVBD_2382c","mbtC"
"RVBD_2383c","mbtB"
"RVBD_2384","mbtA"
"RVBD_2385","mbtJ"
"RVBD_2386c","mbtI"
"RVBD_2386A","?"
"RVBD_2387","-"
"RVBD_2388c","hemN"
"RVBD_2389c","rpfD"
"RVBD_2390c","-"
"RVBD_2391","sirA"
"RVBD_2392","cysH"
"RVBD_2393","che1"
"RVBD_2394","ggtB"
"RVBD_2395","-"
"RVBD_2396","PE_PGRS41"
"RVBD_2397c","cysA1"
"RVBD_2398c","cysW"
"RVBD_2399c","cysT"
"RVBD_2400c","subI"
"RVBD_2401","-"
"RVBD_2401A","-"
"RVBD_2402","-"
"RVBD_2403c","lppR"
"RVBD_2404c","lepA"
"RVBD_2405","-"
"RVBD_2406c","-"
"RVBD_2407","-"
"RVBD_2408","PE24"
"RVBD_2409c","-"
"RVBD_2410c","-"
"RVBD_2411c","-"
"RVBD_2412","rpsT"
"RVBD_2413c","-"
"RVBD_2414c","-"
"RVBD_2415c","-"
"RVBD_2416c","eis"
"RVBD_2417c","-"
"RVBD_2418c","-"
"RVBD_2419c","gpgP"
"RVBD_2420c","-"
"RVBD_2421c","nadD"
"RVBD_2422","-"
"RVBD_2423","-"
"RVBD_2424c","-"
"RVBD_2425c","-"
"RVBD_2426c","-"
"RVBD_2427c","proA"
"RVBD_2428","ahpC"
"RVBD_2429","ahpD"
"RVBD_2430c","PPE41"
"RVBD_2431c","PE25"
"RVBD_2432c","-"
"RVBD_2433c","-"
"RVBD_2434c","-"
"RVBD_2435c","-"
"RVBD_2436","rbsK"
"RVBD_2437","-"
"RVBD_2438c","nadE"
"RVBD_2438A","-"
"RVBD_2439c","proB"
"RVBD_2440c","obg"
"RVBD_2441c","rpmA"
"RVBD_2442c","rplU"
"RVBD_2443","dctA"
"RVBD_2444c","rne"
"RVBD_2445c","ndkA"
"RVBD_2446c","-"
"RVBD_2447c","folC"
"RVBD_2448c","valS"
"RVBD_2449c","-"
"RVBD_2450c","rpfE"
"RVBD_2451","-"
"RVBD_2452c","-"
"RVBD_2453c","mobA"
"RVBD_2454c","-"
"RVBD_2455c","-"
"RVBD_2456c","-"
"RVBD_2457c","clpX"
"RVBD_2458","mmuM"
"RVBD_2459","-"
"RVBD_2460c","clpP2"
"RVBD_2461c","clpP1"
"RVBD_2462c","tig"
"RVBD_2463","lipP"
"RVBD_2464c","-"
"RVBD_2465c","rpiB"
"RVBD_2466c","-"
"RVBD_2467","pepN"
"RVBD_2468c","-"
"RVBD_2468Ac","?"
"RVBD_2469c","-"
"RVBD_2470","glbO"
"RVBD_2471","aglA"
"RVBD_2472","-"
"RVBD_2473","-"
"RVBD_2474c","-"
"RVBD_2475c","-"
"RVBD_2476c","gdh"
"RVBD_2477c","-"
"RVBD_2478c","-"
"RVBD_2479c","-"
"RVBD_2480c","-"
"RVBD_2481c","-"
"RVBD_2482c","plsB2"
"RVBD_2483c","plsC"
"RVBD_2484c","-"
"RVBD_2485c","lipQ"
"RVBD_2486","echA14"
"RVBD_2487c","PE_PGRS42"
"RVBD_2488c","-"
"RVBD_2489c","-"
"RVBD_2490c","PE_PGRS43"
"RVBD_2490Ac","?"
"RVBD_2491","-"
"RVBD_2492","-"
"RVBD_2493","vapB38"
"RVBD_2494","vapC38"
"RVBD_2495c","bkdC"
"RVBD_2496c","bkdB"
"RVBD_2497c","bkdA"
"RVBD_2498c","citE"
"RVBD_2499c","-"
"RVBD_2500c","fadE19"
"RVBD_2501c","accA1"
"RVBD_2502c","accD1"
"RVBD_2503c","scoB"
"RVBD_2504c","scoA"
"RVBD_2505c","fadD35"
"RVBD_2506","-"
"RVBD_2507","-"
"RVBD_2508c","-"
"RVBD_2509","-"
"RVBD_2510c","-"
"RVBD_2511","orn"
"RVBD_2512c","-"
"RVBD_2512A","?"
"RVBD_2513","-"
"RVBD_2514c","-"
"RVBD_2515c","-"
"RVBD_2516c","-"
"RVBD_2517c","-"
"RVBD_2518c","ldtB"
"RVBD_2519","PE26"
"RVBD_2520c","-"
"RVBD_2521","bcp"
"RVBD_2522c","-"
"RVBD_2523c","acpS"
"RVBD_2524c","fas"
"RVBD_2525c","-"
"RVBD_2526","vapB17"
"RVBD_2527","vapC17"
"RVBD_2528c","mrr"
"RVBD_2529","-"
"RVBD_2530c","vapC39"
"RVBD_2530A","vapB39"
"RVBD_2531c","-"
"RVBD_2532c","-"
"RVBD_2533c","nusB"
"RVBD_2534c","efp"
"RVBD_2535c","pepQ"
"RVBD_2536","-"
"RVBD_2537c","aroD"
"RVBD_2538c","aroB"
"RVBD_2539c","aroK"
"RVBD_2540c","aroF"
"RVBD_2541","-"
"RVBD_2542","-"
"RVBD_2543","lppA"
"RVBD_2544","lppB"
"RVBD_2545","vapB18"
"RVBD_2546","vapC18"
"RVBD_2547","vapB19"
"RVBD_2548","vapC19"
"RVBD_2548Ac","?"
"RVBD_2549c","vapC20"
"RVBD_2550c","vapB20"
"RVBD_2551c","-"
"RVBD_2552c","aroE"
"RVBD_2553c","-"
"RVBD_2554c","-"
"RVBD_2555c","alaS"
"RVBD_2556c","-"
"RVBD_2557","-"
"RVBD_2558","-"
"RVBD_2559c","-"
"RVBD_2560","-"
"RVBD_2561","-"
"RVBD_2563","-"
"RVBD_2564","glnQ"
"RVBD_2565","-"
"RVBD_2566","-"
"RVBD_2567","-"
"RVBD_2568c","-"
"RVBD_2569c","-"
"RVBD_2570","-"
"RVBD_2571c","-"
"RVBD_2572c","aspS"
"RVBD_2573","-"
"RVBD_2574","-"
"RVBD_2575","-"
"RVBD_2576c","-"
"RVBD_2577","-"
"RVBD_2578c","-"
"RVBD_2579","dhaA"
"RVBD_2580c","hisS"
"RVBD_2581c","-"
"RVBD_2582","ppiB"
"RVBD_2583c","relA"
"RVBD_2584c","apt"
"RVBD_2585c","-"
"RVBD_2586c","secF"
"RVBD_2587c","secD"
"RVBD_2588c","yajC"
"RVBD_2589","gabT"
"RVBD_2590","fadD9"
"RVBD_2591","PE_PGRS44"
"RVBD_2592c","ruvB"
"RVBD_2593c","ruvA"
"RVBD_2594c","ruvC"
"RVBD_2595","vapB40"
"RVBD_2596","vapC40"
"RVBD_2597","-"
"RVBD_2598","-"
"RVBD_2599","-"
"RVBD_2600","-"
"RVBD_2601","speE"
"RVBD_2601A","vapB41"
"RVBD_2602","vapC41"
"RVBD_2603c","-"
"RVBD_2604c","snoP"
"RVBD_2605c","tesB2"
"RVBD_2606c","snzP"
"RVBD_2607","pdxH"
"RVBD_2608","PPE42"
"RVBD_2609c","-"
"RVBD_2610c","pimA"
"RVBD_2611c","-"
"RVBD_2612c","pgsA1"
"RVBD_2613c","-"
"RVBD_2614c","thrS"
"RVBD_2614A","-"
"RVBD_2615c","PE_PGRS45"
"RVBD_2616","-"
"RVBD_2617c","-"
"RVBD_2618","-"
"RVBD_2619c","-"
"RVBD_2620c","-"
"RVBD_2621c","-"
"RVBD_2622","-"
"RVBD_2623","TB31.7"
"RVBD_2624c","-"
"RVBD_2625c","-"
"RVBD_2626c","hrp1"
"RVBD_2627c","-"
"RVBD_2628","-"
"RVBD_2629","-"
"RVBD_2630","-"
"RVBD_2631","-"
"RVBD_2632c","-"
"RVBD_2633c","-"
"RVBD_2633Ac","?"
"RVBD_2634c","PE_PGRS46"
"RVBD_2635","-"
"RVBD_2636","-"
"RVBD_2637","dedA"
"RVBD_2638","-"
"RVBD_2639c","-"
"RVBD_2640c","-"
"RVBD_2641","cadI"
"RVBD_2642","-"
"RVBD_2643","arsC"
"RVBD_2643A","?"
"RVBD_2645","-"
"RVBD_2646","-"
"RVBD_2647","-"
"RVBD_2648","-"
"RVBD_2649","-"
"RVBD_2650c","-"
"RVBD_2651c","-"
"RVBD_2652c","-"
"RVBD_2653c","-"
"RVBD_2654c","-"
"RVBD_2655c","-"
"RVBD_2656c","-"
"RVBD_2657c","-"
"RVBD_2658c","-"
"RVBD_2659c","-"
"RVBD_2660c","-"
"RVBD_2661c","-"
"RVBD_2662","-"
"RVBD_2663","-"
"RVBD_2664","-"
"RVBD_2665","-"
"RVBD_2666","-"
"RVBD_2667","clpC2"
"RVBD_2668","-"
"RVBD_2669","-"
"RVBD_2670c","-"
"RVBD_2671","ribD"
"RVBD_2672","-"
"RVBD_2673","aftC"
"RVBD_2674","msrB"
"RVBD_2675c","-"
"RVBD_2676c","-"
"RVBD_2677c","hemY"
"RVBD_2678c","hemE"
"RVBD_2679","echA15"
"RVBD_2680","-"
"RVBD_2681","-"
"RVBD_2682c","dxs1"
"RVBD_2683","-"
"RVBD_2684","arsA"
"RVBD_2685","arsB1"
"RVBD_2686c","-"
"RVBD_2687c","-"
"RVBD_2688c","-"
"RVBD_2689c","-"
"RVBD_2690c","-"
"RVBD_2691","ceoB"
"RVBD_2692","ceoC"
"RVBD_2693c","-"
"RVBD_2694c","-"
"RVBD_2695","-"
"RVBD_2696c","-"
"RVBD_2697c","dut"
"RVBD_2698","-"
"RVBD_2699c","-"
"RVBD_2700","-"
"RVBD_2701c","suhB"
"RVBD_2702","ppgK"
"RVBD_2703","sigA"
"RVBD_2704","-"
"RVBD_2705c","-"
"RVBD_2706c","-"
"RVBD_2707","-"
"RVBD_2708c","-"
"RVBD_2709","-"
"RVBD_2710","sigB"
"RVBD_2711","ideR"
"RVBD_2712c","-"
"RVBD_2713","sthA"
"RVBD_2714","-"
"RVBD_2715","-"
"RVBD_2716","-"
"RVBD_2717c","-"
"RVBD_2718c","nrdR"
"RVBD_2719c","-"
"RVBD_2720","lexA"
"RVBD_2721c","-"
"RVBD_2722","-"
"RVBD_2723","-"
"RVBD_2724c","fadE20"
"RVBD_2725c","hflX"
"RVBD_2726c","dapF"
"RVBD_2727c","miaA"
"RVBD_2728c","-"
"RVBD_2729c","-"
"RVBD_2730","-"
"RVBD_2731","-"
"RVBD_2732c","-"
"RVBD_2733c","-"
"RVBD_2734","-"
"RVBD_2735c","-"
"RVBD_2736c","recX"
"RVBD_2737c","recA"
"RVBD_2737A","-"
"RVBD_2738c","-"
"RVBD_2739c","-"
"RVBD_2740","ephG"
"RVBD_2741","PE_PGRS47"
"RVBD_2742c","-"
"RVBD_2743c","-"
"RVBD_2744c","35kd_ag"
"RVBD_2745c","clgR"
"RVBD_2746c","pgsA3"
"RVBD_2747","argA"
"RVBD_2748c","ftsK"
"RVBD_2749","-"
"RVBD_2750","-"
"RVBD_2751","-"
"RVBD_2752c","-"
"RVBD_2753c","dapA"
"RVBD_2754c","thyX"
"RVBD_2755c","hsdS.1"
"RVBD_2756c","hsdM"
"RVBD_2757c","vapC21"
"RVBD_2758c","vapB21"
"RVBD_2759c","vapC42"
"RVBD_2760c","vapB42"
"RVBD_2761c","hsdS"
"RVBD_2762c","-"
"RVBD_2763c","dfrA"
"RVBD_2764c","thyA"
"RVBD_2765","-"
"RVBD_2766c","-"
"RVBD_2767c","-"
"RVBD_2768c","PPE43"
"RVBD_2769c","PE27"
"RVBD_2770c","PPE44"
"RVBD_2771c","-"
"RVBD_2771Ac","?"
"RVBD_2772c","-"
"RVBD_2773c","dapB"
"RVBD_2774c","-"
"RVBD_2775","-"
"RVBD_2776c","-"
"RVBD_2777c","-"
"RVBD_2778c","-"
"RVBD_2779c","-"
"RVBD_2780","ald"
"RVBD_2781c","-"
"RVBD_2782c","pepR"
"RVBD_2783c","gpsI"
"RVBD_2784c","lppU"
"RVBD_2785c","rpsO"
"RVBD_2786c","ribF"
"RVBD_2787","-"
"RVBD_2788","sirR"
"RVBD_2789c","fadE21"
"RVBD_2790c","ltp1"
"RVBD_2791c","-"
"RVBD_2792c","-"
"RVBD_2793c","truB"
"RVBD_2794c","pptT"
"RVBD_2795c","-"
"RVBD_2796c","lppV"
"RVBD_2797c","-"
"RVBD_2798c","-"
"RVBD_2799","-"
"RVBD_2800","-"
"RVBD_2801c","mazF9"
"RVBD_2801Ac","?"
"RVBD_2802c","-"
"RVBD_2803","-"
"RVBD_2804c","-"
"RVBD_2805","-"
"RVBD_2806","-"
"RVBD_2807","-"
"RVBD_2808","-"
"RVBD_2809","-"
"RVBD_2810c","-"
"RVBD_2811","-"
"RVBD_2812","-"
"RVBD_2813","-"
"RVBD_2814c","-"
"RVBD_2815c","-"
"RVBD_2815Ac","?"
"RVBD_2815Bc","?"
"RVBD_2816c","-"
"RVBD_2817c","-"
"RVBD_2818c","-"
"RVBD_2819c","-"
"RVBD_2820c","-"
"RVBD_2821c","-"
"RVBD_2822c","-"
"RVBD_2823c","-"
"RVBD_2824c","-"
"RVBD_2825c","-"
"RVBD_2826c","-"
"RVBD_2827c","-"
"RVBD_2828c","-"
"RVBD_2828Ac","?"
"RVBD_2829c","vapC22"
"RVBD_2830c","vapB22"
"RVBD_2831","echA16"
"RVBD_2832c","ugpC"
"RVBD_2833c","ugpB"
"RVBD_2834c","ugpE"
"RVBD_2835c","ugpA"
"RVBD_2836c","dinF"
"RVBD_2837c","-"
"RVBD_2838c","rbfA"
"RVBD_2839c","infB"
"RVBD_2840c","-"
"RVBD_2841c","nusA"
"RVBD_2842c","-"
"RVBD_2843","-"
"RVBD_2844","-"
"RVBD_2845c","proS"
"RVBD_2846c","efpA"
"RVBD_2847c","cysG"
"RVBD_2848c","cobB"
"RVBD_2849c","cobO"
"RVBD_2850c","-"
"RVBD_2851c","-"
"RVBD_2852c","mqo"
"RVBD_2853","PE_PGRS48"
"RVBD_2854","-"
"RVBD_2855","mtr"
"RVBD_2856","nicT"
"RVBD_2856A","?"
"RVBD_2856B","?"
"RVBD_2857c","-"
"RVBD_2858c","aldC"
"RVBD_2859c","-"
"RVBD_2860c","glnA4"
"RVBD_2861c","mapB"
"RVBD_2862c","-"
"RVBD_2862A","vapB23"
"RVBD_2863","vapC23"
"RVBD_2864c","-"
"RVBD_2865","relF"
"RVBD_2866","relG"
"RVBD_2867c","-"
"RVBD_2868c","gcpE"
"RVBD_2869c","rip"
"RVBD_2870c","dxr"
"RVBD_2871","vapB43"
"RVBD_2872","vapC43"
"RVBD_2873","mpt83"
"RVBD_2873A","?"
"RVBD_2874","dipZ"
"RVBD_2875","mpt70"
"RVBD_2876","-"
"RVBD_2877c","-"
"RVBD_2878c","mpt53"
"RVBD_2881c","cdsA"
"RVBD_2882c","frr"
"RVBD_2882Ac","?"
"RVBD_2883c","pyrH"
"RVBD_2884","-"
"RVBD_2885c","-"
"RVBD_2886c","-"
"RVBD_2887","-"
"RVBD_2888c","amiC"
"RVBD_2889c","tsf"
"RVBD_2890c","rpsB"
"RVBD_2891","-"
"RVBD_2892c","PPE45"
"RVBD_2893","-"
"RVBD_2894c","xerC"
"RVBD_2895c","viuB"
"RVBD_2896c","-"
"RVBD_2897c","-"
"RVBD_2898c","-"
"RVBD_2899c","fdhD"
"RVBD_2900c","fdhF"
"RVBD_2901c","-"
"RVBD_2902c","rnhB"
"RVBD_2903c","lepB"
"RVBD_2904c","rplS"
"RVBD_2905","lppW"
"RVBD_2906c","trmD"
"RVBD_2907c","rimM"
"RVBD_2908c","-"
"RVBD_2909c","rpsP"
"RVBD_2910c","-"
"RVBD_2911","dacB2"
"RVBD_2912c","-"
"RVBD_2913c","-"
"RVBD_2914c","pknI"
"RVBD_2915c","-"
"RVBD_2916c","ffh"
"RVBD_2917","-"
"RVBD_2918c","glnD"
"RVBD_2919c","glnB"
"RVBD_2920c","amt"
"RVBD_2921c","ftsY"
"RVBD_2922c","smc"
"RVBD_2922A","acyP"
"RVBD_2923c","-"
"RVBD_2924c","fpg"
"RVBD_2925c","rnc"
"RVBD_2926c","-"
"RVBD_2927c","-"
"RVBD_2928","tesA"
"RVBD_2929","-"
"RVBD_2930","fadD26"
"RVBD_2931","ppsA"
"RVBD_2932","ppsB"
"RVBD_2933","ppsC"
"RVBD_2934","ppsD"
"RVBD_2935","ppsE"
"RVBD_2936","drrA"
"RVBD_2937","drrB"
"RVBD_2938","drrC"
"RVBD_2939","papA5"
"RVBD_2940c","mas"
"RVBD_2941","fadD28"
"RVBD_2942","mmpL7"
"RVBD_2943","-"
"RVBD_2945c","lppX"
"RVBD_2946c","pks1"
"RVBD_2947c","pks15"
"RVBD_2948c","fadD22"
"RVBD_2949c","-"
"RVBD_2950c","fadD29"
"RVBD_2951c","-"
"RVBD_2952","-"
"RVBD_2953","-"
"RVBD_2954c","-"
"RVBD_2955c","-"
"RVBD_2956","-"
"RVBD_2957","-"
"RVBD_2958c","-"
"RVBD_2959c","-"
"RVBD_2960c","-"
"RVBD_2961","-"
"RVBD_2962c","-"
"RVBD_2963","-"
"RVBD_2964","purU"
"RVBD_2964B","?"
"RVBD_2965c","kdtB"
"RVBD_2966c","-"
"RVBD_2967c","pca"
"RVBD_2968c","-"
"RVBD_2969c","-"
"RVBD_2970c","lipN"
"RVBD_2970A","-"
"RVBD_2971","-"
"RVBD_2972c","-"
"RVBD_2973c","recG"
"RVBD_2974c","-"
"RVBD_2975c","-"
"RVBD_2975A","?"
"RVBD_2976c","ung"
"RVBD_2977c","thiL"
"RVBD_2978c","-"
"RVBD_2979c","-"
"RVBD_2980","-"
"RVBD_2981c","ddlA"
"RVBD_2982c","gpdA2"
"RVBD_2983","-"
"RVBD_2984","ppk1"
"RVBD_2985","mutT1"
"RVBD_2986c","hupB"
"RVBD_2987c","leuD"
"RVBD_2988c","leuC"
"RVBD_2989","-"
"RVBD_2990c","-"
"RVBD_2991","-"
"RVBD_2992c","gltS"
"RVBD_2993c","-"
"RVBD_2994","-"
"RVBD_2995c","leuB"
"RVBD_2996c","serA1"
"RVBD_2997","-"
"RVBD_2998","-"
"RVBD_2998A","-"
"RVBD_2999","lppY"
"RVBD_3000","-"
"RVBD_3000Ac","?"
"RVBD_3001c","ilvC"
"RVBD_3002c","ilvN"
"RVBD_3003c","ilvB1"
"RVBD_3004","cfp6"
"RVBD_3005c","-"
"RVBD_3006","lppZ"
"RVBD_3007c","-"
"RVBD_3008","-"
"RVBD_3009c","gatB"
"RVBD_3010c","pfkA"
"RVBD_3011c","gatA"
"RVBD_3012c","gatC"
"RVBD_3013","-"
"RVBD_3014c","ligA"
"RVBD_3015c","-"
"RVBD_3016","lpqA"
"RVBD_3017c","esxQ"
"RVBD_3018c","PPE46"
"RVBD_3018Bc","?"
"RVBD_3019c","esxR"
"RVBD_3020c","esxS"
"RVBD_3021c","?"
"RVBD_3022A","PE29"
"RVBD_3023c","-"
"RVBD_3024c","trmU"
"RVBD_3025c","iscS"
"RVBD_3026c","-"
"RVBD_3027c","-"
"RVBD_3028c","fixB"
"RVBD_3029c","fixA"
"RVBD_3030","-"
"RVBD_3031","-"
"RVBD_3032","-"
"RVBD_3032A","-"
"RVBD_3033","-"
"RVBD_3034c","-"
"RVBD_3035","-"
"RVBD_3036c","TB22.2"
"RVBD_3037c","-"
"RVBD_3038c","-"
"RVBD_3039c","echA17"
"RVBD_3040c","-"
"RVBD_3041c","-"
"RVBD_3042c","serB2"
"RVBD_3043c","ctaD"
"RVBD_3044","fecB"
"RVBD_3045","adhC"
"RVBD_3046c","-"
"RVBD_3047c","-"
"RVBD_3048c","nrdF2"
"RVBD_3049c","-"
"RVBD_3050c","-"
"RVBD_3051c","nrdE"
"RVBD_3052c","nrdI"
"RVBD_3053c","nrdH"
"RVBD_3053Ac","?"
"RVBD_3054c","-"
"RVBD_3055","-"
"RVBD_3056","dinP"
"RVBD_3057c","-"
"RVBD_3058c","-"
"RVBD_3059","cyp136"
"RVBD_3060c","-"
"RVBD_3061c","fadE22"
"RVBD_3062","ligB"
"RVBD_3063","cstA"
"RVBD_3064c","-"
"RVBD_3065","mmr"
"RVBD_3066","-"
"RVBD_3067","-"
"RVBD_3068c","pgmA"
"RVBD_3069","-"
"RVBD_3070","-"
"RVBD_3071","-"
"RVBD_3072c","-"
"RVBD_3073c","-"
"RVBD_3074","-"
"RVBD_3075c","-"
"RVBD_3076","-"
"RVBD_3077","-"
"RVBD_3078","hab"
"RVBD_3079c","-"
"RVBD_3080c","pknK"
"RVBD_3081","-"
"RVBD_3082c","virS"
"RVBD_3083","-"
"RVBD_3084","lipR"
"RVBD_3085","-"
"RVBD_3086","adhD"
"RVBD_3087","-"
"RVBD_3088","tgs4"
"RVBD_3089","fadD13"
"RVBD_3089Ac","?"
"RVBD_3090","-"
"RVBD_3091","-"
"RVBD_3092c","-"
"RVBD_3093c","-"
"RVBD_3094c","-"
"RVBD_3095","-"
"RVBD_3096","-"
"RVBD_3097c","lipY"
"RVBD_3098c","-"
"RVBD_3098A","-"
"RVBD_3099c","-"
"RVBD_3100c","smpB"
"RVBD_3101c","ftsX"
"RVBD_3102c","ftsE"
"RVBD_3103c","-"
"RVBD_3104c","-"
"RVBD_3105c","prfB"
"RVBD_3106","fprA"
"RVBD_3107c","agpS"
"RVBD_3108","-"
"RVBD_3109","moaA1"
"RVBD_3110","moaB1"
"RVBD_3111","moaC1"
"RVBD_3112","moaD1"
"RVBD_3113","-"
"RVBD_3114","-"
"RVBD_3115","-"
"RVBD_3116","moeB2"
"RVBD_3117","cysA3"
"RVBD_3118","sseC1"
"RVBD_3119","moaE1"
"RVBD_3120","-"
"RVBD_3121","cyp141"
"RVBD_3122","-"
"RVBD_3123","-"
"RVBD_3124","moaR1"
"RVBD_3125c","PPE49"
"RVBD_3126c","-"
"RVBD_3127","-"
"RVBD_3129","-"
"RVBD_3130c","tgs1"
"RVBD_3131","-"
"RVBD_3132c","devS"
"RVBD_3133c","devR"
"RVBD_3134c","-"
"RVBD_3135","PPE50"
"RVBD_3136","PPE51"
"RVBD_3136Ac","?"
"RVBD_3137","-"
"RVBD_3138","pflA"
"RVBD_3139","fadE24"
"RVBD_3140","fadE23"
"RVBD_3141","fadB4"
"RVBD_3142c","-"
"RVBD_3143","-"
"RVBD_3144c","PPE52"
"RVBD_3145","nuoA"
"RVBD_3146","nuoB"
"RVBD_3147","nuoC"
"RVBD_3148","nuoD"
"RVBD_3149","nuoE"
"RVBD_3150","nuoF"
"RVBD_3151","nuoG"
"RVBD_3152","nuoH"
"RVBD_3153","nuoI"
"RVBD_3154","nuoJ"
"RVBD_3155","nuoK"
"RVBD_3156","nuoL"
"RVBD_3157","nuoM"
"RVBD_3158","nuoN"
"RVBD_3159c","PPE53"
"RVBD_3160c","-"
"RVBD_3161c","-"
"RVBD_3162c","-"
"RVBD_3163c","-"
"RVBD_3164c","moxR3"
"RVBD_3165c","-"
"RVBD_3166c","-"
"RVBD_3167c","-"
"RVBD_3168","-"
"RVBD_3169","-"
"RVBD_3170","aofH"
"RVBD_3171c","hpx"
"RVBD_3172c","-"
"RVBD_3173c","-"
"RVBD_3174","-"
"RVBD_3175","-"
"RVBD_3176c","mesT"
"RVBD_3177","-"
"RVBD_3178","-"
"RVBD_3178A","?"
"RVBD_3179","-"
"RVBD_3180c","-"
"RVBD_3181c","-"
"RVBD_3182","-"
"RVBD_3183","-"
"RVBD_3184","-"
"RVBD_3185","-"
"RVBD_3186","-"
"RVBD_3187","-"
"RVBD_3188","-"
"RVBD_3189","-"
"RVBD_3190c","-"
"RVBD_3190A","-"
"RVBD_3190B","?"
"RVBD_3191c","-"
"RVBD_3192","-"
"RVBD_3192A","?"
"RVBD_3193c","-"
"RVBD_3194c","-"
"RVBD_3195","-"
"RVBD_3196","-"
"RVBD_3196A","-"
"RVBD_3197","-"
"RVBD_3197A","whiB7"
"RVBD_3198c","uvrD2"
"RVBD_3198A","-"
"RVBD_3199c","nudC"
"RVBD_3200c","-"
"RVBD_3201c","-"
"RVBD_3202c","-"
"RVBD_3202A","?"
"RVBD_3203","lipV"
"RVBD_3204","-"
"RVBD_3205c","-"
"RVBD_3206c","moeB1"
"RVBD_3207c","-"
"RVBD_3208","-"
"RVBD_3208A","TB9.4"
"RVBD_3209","-"
"RVBD_3210c","-"
"RVBD_3211","rhlE"
"RVBD_3212","-"
"RVBD_3213c","-"
"RVBD_3214","gpm2"
"RVBD_3215","entC"
"RVBD_3216","?"
"RVBD_3217c","-"
"RVBD_3217Ac","?"
"RVBD_3218","-"
"RVBD_3219","whiB1"
"RVBD_3220c","-"
"RVBD_3221c","TB7.3"
"RVBD_3221A","rshA"
"RVBD_3222c","-"
"RVBD_3223c","sigH"
"RVBD_3224","-"
"RVBD_3224A","-"
"RVBD_3224B","-"
"RVBD_3225c","-"
"RVBD_3226c","-"
"RVBD_3227","aroA"
"RVBD_3228","-"
"RVBD_3229c","desA3"
"RVBD_3230c","-"
"RVBD_3231c","-"
"RVBD_3232c","ppk2"
"RVBD_3233c","-"
"RVBD_3234c","tgs3"
"RVBD_3235","-"
"RVBD_3236c","-"
"RVBD_3237c","-"
"RVBD_3238c","-"
"RVBD_3239c","-"
"RVBD_3240c","secA1"
"RVBD_3241c","-"
"RVBD_3242c","-"
"RVBD_3243c","-"
"RVBD_3244c","lpqB"
"RVBD_3245c","mtrB"
"RVBD_3246c","mtrA"
"RVBD_3247c","tmk"
"RVBD_3248c","sahH"
"RVBD_3249c","-"
"RVBD_3250c","rubB"
"RVBD_3251c","rubA"
"RVBD_3252c","alkB"
"RVBD_3253c","-"
"RVBD_3254","-"
"RVBD_3255c","manA"
"RVBD_3256c","-"
"RVBD_3257c","pmmA"
"RVBD_3258c","-"
"RVBD_3259","-"
"RVBD_3260c","whiB2"
"RVBD_3261","fbiA"
"RVBD_3262","fbiB"
"RVBD_3262A","?"
"RVBD_3263","-"
"RVBD_3264c","manB"
"RVBD_3265c","wbbL1"
"RVBD_3266c","rmlD"
"RVBD_3267","-"
"RVBD_3268","-"
"RVBD_3269","-"
"RVBD_3270","ctpC"
"RVBD_3271c","-"
"RVBD_3272","-"
"RVBD_3273","-"
"RVBD_3274c","fadE25"
"RVBD_3275c","purE"
"RVBD_3276c","purK"
"RVBD_3277","-"
"RVBD_3278c","-"
"RVBD_3279c","birA"
"RVBD_3280","accD5"
"RVBD_3281","accE5"
"RVBD_3282","-"
"RVBD_3283","sseA"
"RVBD_3284","-"
"RVBD_3285","accA3"
"RVBD_3286c","sigF"
"RVBD_3287c","rsbW"
"RVBD_3288c","usfY"
"RVBD_3289c","-"
"RVBD_3290c","lat"
"RVBD_3291c","lrpA"
"RVBD_3292","-"
"RVBD_3293","pcd"
"RVBD_3294c","-"
"RVBD_3295","-"
"RVBD_3296","lhr"
"RVBD_3297","nei"
"RVBD_3298c","lpqC"
"RVBD_3299c","atsB"
"RVBD_3300c","-"
"RVBD_3301c","phoY1"
"RVBD_3302c","glpD2"
"RVBD_3303c","lpdA"
"RVBD_3304","-"
"RVBD_3305c","amiA1"
"RVBD_3306c","amiB1"
"RVBD_3307","deoD"
"RVBD_3308","pmmB"
"RVBD_3309c","upp"
"RVBD_3310","sapM"
"RVBD_3311","-"
"RVBD_3312c","-"
"RVBD_3312Xc","?"
"RVBD_3312A","-"
"RVBD_3313c","add"
"RVBD_3314c","deoA"
"RVBD_3315c","cdd"
"RVBD_3316","sdhC"
"RVBD_3317","sdhD"
"RVBD_3318","sdhA"
"RVBD_3319","sdhB"
"RVBD_3320c","vapC44"
"RVBD_3321c","vapB44"
"RVBD_3322c","-"
"RVBD_3323c","moaX"
"RVBD_3324c","moaC3"
"RVBD_3324A","?"
"RVBD_3325","-"
"RVBD_3326","-"
"RVBD_3327","-"
"RVBD_3328c","sigJ"
"RVBD_3329","-"
"RVBD_3330","dacB1"
"RVBD_3331","sugI"
"RVBD_3332","nagA"
"RVBD_3333c","-"
"RVBD_3333A","?"
"RVBD_3334","-"
"RVBD_3335c","-"
"RVBD_3336c","trpS"
"RVBD_3337","-"
"RVBD_3338","-"
"RVBD_3339c","icd1"
"RVBD_3339Ac","?"
"RVBD_3340","metC"
"RVBD_3341","metA"
"RVBD_3342","-"
"RVBD_3343c","PPE54"
"RVBD_3344c","PE_PGRS49"
"RVBD_3345c","PE_PGRS50"
"RVBD_3346c","-"
"RVBD_3347c","PPE55"
"RVBD_3347Ac","?"
"RVBD_3348","-"
"RVBD_3350c","PPE56"
"RVBD_3351c","-"
"RVBD_3352c","-"
"RVBD_3353c","-"
"RVBD_3354","-"
"RVBD_3355c","-"
"RVBD_3356c","folD"
"RVBD_3357","relJ"
"RVBD_3358","relK"
"RVBD_3359","-"
"RVBD_3360","-"
"RVBD_3361c","-"
"RVBD_3362c","-"
"RVBD_3363c","-"
"RVBD_3364c","-"
"RVBD_3365c","-"
"RVBD_3366","spoU"
"RVBD_3367","PE_PGRS51"
"RVBD_3368c","-"
"RVBD_3369","-"
"RVBD_3370c","dnaE2"
"RVBD_3371","-"
"RVBD_3372","otsB2"
"RVBD_3372A","?"
"RVBD_3373","echA18"
"RVBD_3374","echA18.1"
"RVBD_3375","amiD"
"RVBD_3376","-"
"RVBD_3377c","-"
"RVBD_3378c","-"
"RVBD_3379c","dxs2"
"RVBD_3379A","?"
"RVBD_3380c","-"
"RVBD_3381c","-"
"RVBD_3382c","lytB1"
"RVBD_3383c","idsB"
"RVBD_3384c","vapC46"
"RVBD_3385c","vapB46"
"RVBD_3386","-"
"RVBD_3387","-"
"RVBD_3388","PE_PGRS52"
"RVBD_3389c","htdY"
"RVBD_3390","lpqD"
"RVBD_3391","acrA1"
"RVBD_3392c","cmaA1"
"RVBD_3393","iunH"
"RVBD_3394c","-"
"RVBD_3395c","-"
"RVBD_3395A","-"
"RVBD_3396c","guaA"
"RVBD_3397c","phyA"
"RVBD_3398c","idsA1"
"RVBD_3399","-"
"RVBD_3400","-"
"RVBD_3401","-"
"RVBD_3401Ac","?"
"RVBD_3402c","-"
"RVBD_3403c","-"
"RVBD_3404c","-"
"RVBD_3405c","-"
"RVBD_3406","-"
"RVBD_3407","vapB47"
"RVBD_3408","vapC47"
"RVBD_3409c","choD"
"RVBD_3410c","guaB3"
"RVBD_3411c","guaB2"
"RVBD_3412","-"
"RVBD_3413c","-"
"RVBD_3414c","sigD"
"RVBD_3415c","-"
"RVBD_3416","whiB3"
"RVBD_3417c","groEL1"
"RVBD_3418c","groES"
"RVBD_3419c","gcp"
"RVBD_3420c","rimI"
"RVBD_3421c","-"
"RVBD_3422c","-"
"RVBD_3423c","alr"
"RVBD_3424c","-"
"RVBD_3425","PPE57"
"RVBD_3425Ac","?"
"RVBD_3426","PPE58"
"RVBD_3426A","?"
"RVBD_3427c","-"
"RVBD_3428c","-"
"RVBD_3429","PPE59"
"RVBD_3430c","-"
"RVBD_3430Dc","?"
"RVBD_3431c","-"
"RVBD_3432c","gadB"
"RVBD_3433c","-"
"RVBD_3434c","-"
"RVBD_3435c","-"
"RVBD_3436c","glmS"
"RVBD_3437","-"
"RVBD_3438","-"
"RVBD_3439c","-"
"RVBD_3440c","-"
"RVBD_3441c","mrsA"
"RVBD_3442c","rpsI"
"RVBD_3443c","rplM"
"RVBD_3444c","esxT"
"RVBD_3445c","esxU"
"RVBD_3446c","-"
"RVBD_3447c","eccC4"
"RVBD_3448","eccD4"
"RVBD_3449","mycP4"
"RVBD_3450c","eccB4"
"RVBD_3451","cut3"
"RVBD_3452","cut4"
"RVBD_3453","-"
"RVBD_3454","-"
"RVBD_3455c","truA"
"RVBD_3456c","rplQ"
"RVBD_3457c","rpoA"
"RVBD_3458c","rpsD"
"RVBD_3459c","rpsK"
"RVBD_3460c","rpsM"
"RVBD_3461c","rpmJ"
"RVBD_3462c","infA"
"RVBD_3463","-"
"RVBD_3464","rmlB"
"RVBD_3465","rmlC"
"RVBD_3466","-"
"RVBD_3467","-"
"RVBD_3468c","-"
"RVBD_3469c","mhpE"
"RVBD_3470c","ilvB2"
"RVBD_3471c","-"
"RVBD_3472","-"
"RVBD_3473c","bpoA"
"RVBD_3474","-"
"RVBD_3475","-"
"RVBD_3476c","kgtP"
"RVBD_3477","PE31"
"RVBD_3478","PPE60"
"RVBD_3479","-"
"RVBD_3480c","-"
"RVBD_3481c","-"
"RVBD_3482c","-"
"RVBD_3483c","-"
"RVBD_3484","cpsA"
"RVBD_3485c","-"
"RVBD_3486","-"
"RVBD_3487c","lipF"
"RVBD_3488","-"
"RVBD_3489","-"
"RVBD_3490","otsA"
"RVBD_3491","-"
"RVBD_3492c","-"
"RVBD_3493c","-"
"RVBD_3494c","mce4F"
"RVBD_3495c","lprN"
"RVBD_3496c","mce4D"
"RVBD_3497c","mce4C"
"RVBD_3498c","mce4B"
"RVBD_3499c","mce4A"
"RVBD_3500c","yrbE4B"
"RVBD_3501c","yrbE4A"
"RVBD_3502c","-"
"RVBD_3503c","fdxD"
"RVBD_3504","fadE26"
"RVBD_3505","fadE27"
"RVBD_3506","fadD17"
"RVBD_3507","PE_PGRS53"
"RVBD_3508","PE_PGRS54"
"RVBD_3509c","ilvX"
"RVBD_3510c","-"
"RVBD_3511","PE_PGRS55"
"RVBD_3513c","fadD18"
"RVBD_3514","PE_PGRS57"
"RVBD_3515c","fadD19"
"RVBD_3516","echA19"
"RVBD_3517","-"
"RVBD_3518c","cyp142"
"RVBD_3519","-"
"RVBD_3520c","-"
"RVBD_3521","-"
"RVBD_3522","ltp4"
"RVBD_3523","ltp3"
"RVBD_3524","-"
"RVBD_3525c","-"
"RVBD_3526","kshA"
"RVBD_3527","-"
"RVBD_3528c","-"
"RVBD_3528A","?"
"RVBD_3529c","-"
"RVBD_3530c","-"
"RVBD_3531c","-"
"RVBD_3532","PPE61"
"RVBD_3533c","PPE62"
"RVBD_3534c","hsaF"
"RVBD_3535c","hsaG"
"RVBD_3536c","hsaE"
"RVBD_3537","kstD"
"RVBD_3538","-"
"RVBD_3539","PPE63"
"RVBD_3540c","ltp2"
"RVBD_3541c","-"
"RVBD_3542c","-"
"RVBD_3543c","fadE29"
"RVBD_3544c","fadE28"
"RVBD_3545c","cyp125"
"RVBD_3546","fadA5"
"RVBD_3547","ddn"
"RVBD_3548c","-"
"RVBD_3549c","-"
"RVBD_3550","echA20"
"RVBD_3551","-"
"RVBD_3552","-"
"RVBD_3553","-"
"RVBD_3554","fdxB"
"RVBD_3555c","-"
"RVBD_3556c","fadA6"
"RVBD_3557c","-"
"RVBD_3558","PPE64"
"RVBD_3559c","-"
"RVBD_3560c","fadE30"
"RVBD_3561","fadD3"
"RVBD_3562","fadE31"
"RVBD_3563","fadE32"
"RVBD_3564","fadE33"
"RVBD_3565","aspB"
"RVBD_3566c","nat"
"RVBD_3566A","-"
"RVBD_3567c","hsaB"
"RVBD_3568c","hsaC"
"RVBD_3569c","hsaD"
"RVBD_3570c","hsaA"
"RVBD_3571","kshB"
"RVBD_3572","-"
"RVBD_3573c","fadE34"
"RVBD_3574","kstR"
"RVBD_3575c","-"
"RVBD_3576","lppH"
"RVBD_3577","-"
"RVBD_3578","arsB2"
"RVBD_3579c","-"
"RVBD_3580c","cysS1"
"RVBD_3581c","ispF"
"RVBD_3582c","ispD"
"RVBD_3583c","-"
"RVBD_3584","lpqE"
"RVBD_3585","radA"
"RVBD_3586","-"
"RVBD_3587c","-"
"RVBD_3588c","canB"
"RVBD_3589","mutY"
"RVBD_3590c","PE_PGRS58"
"RVBD_3591c","-"
"RVBD_3592","mhuD"
"RVBD_3593","lpqF"
"RVBD_3594","-"
"RVBD_3595c","PE_PGRS59"
"RVBD_3596c","clpC1"
"RVBD_3597c","lsr2"
"RVBD_3598c","lysS"
"RVBD_3600c","-"
"RVBD_3601c","panD"
"RVBD_3602c","panC"
"RVBD_3603c","-"
"RVBD_3604c","-"
"RVBD_3605c","-"
"RVBD_3606c","folK"
"RVBD_3607c","folB"
"RVBD_3608c","folP1"
"RVBD_3609c","folE"
"RVBD_3610c","ftsH"
"RVBD_3611","-"
"RVBD_3612c","-"
"RVBD_3613c","-"
"RVBD_3614c","espD"
"RVBD_3615c","espC"
"RVBD_3616c","espA"
"RVBD_3617","ephA"
"RVBD_3618","-"
"RVBD_3619c","esxV"
"RVBD_3620c","esxW"
"RVBD_3621c","PPE65"
"RVBD_3622c","PE32"
"RVBD_3623","lpqG"
"RVBD_3624c","hpt"
"RVBD_3625c","mesJ"
"RVBD_3626c","-"
"RVBD_3627c","-"
"RVBD_3628","ppa"
"RVBD_3629c","-"
"RVBD_3630","-"
"RVBD_3631","-"
"RVBD_3632","-"
"RVBD_3633","-"
"RVBD_3634c","galE1"
"RVBD_3635","-"
"RVBD_3638","-"
"RVBD_3639c","-"
"RVBD_3640c","-"
"RVBD_3641c","fic"
"RVBD_3642c","-"
"RVBD_3643","-"
"RVBD_3644c","-"
"RVBD_3645","-"
"RVBD_3646c","topA"
"RVBD_3647c","-"
"RVBD_3648c","cspA"
"RVBD_3649","-"
"RVBD_3650","PE33"
"RVBD_3651","-"
"RVBD_3653","PE_PGRS61"
"RVBD_3654c","-"
"RVBD_3655c","-"
"RVBD_3656c","-"
"RVBD_3657c","-"
"RVBD_3658c","-"
"RVBD_3659c","-"
"RVBD_3660c","-"
"RVBD_3661","-"
"RVBD_3662c","-"
"RVBD_3663c","dppD"
"RVBD_3664c","dppC"
"RVBD_3665c","dppB"
"RVBD_3666c","dppA"
"RVBD_3666A","?"
"RVBD_3666B","?"
"RVBD_3667","acs"
"RVBD_3668c","-"
"RVBD_3669","-"
"RVBD_3670","ephE"
"RVBD_3671c","-"
"RVBD_3672c","-"
"RVBD_3673c","-"
"RVBD_3674c","nth"
"RVBD_3675","-"
"RVBD_3676","crp"
"RVBD_3677c","-"
"RVBD_3678c","-"
"RVBD_3678A","-"
"RVBD_3679","-"
"RVBD_3680","-"
"RVBD_3681c","whiB4"
"RVBD_3682","ponA2"
"RVBD_3683","-"
"RVBD_3684","-"
"RVBD_3685c","cyp137"
"RVBD_3686c","-"
"RVBD_3687c","rsfB"
"RVBD_3688c","-"
"RVBD_3689","-"
"RVBD_3690","-"
"RVBD_3691","-"
"RVBD_3692","moxR2"
"RVBD_3693","-"
"RVBD_3694c","-"
"RVBD_3695","-"
"RVBD_3696c","glpK"
"RVBD_3697c","vapC48"
"RVBD_3697Ac","?"
"RVBD_3698","-"
"RVBD_3699","-"
"RVBD_3700c","-"
"RVBD_3701c","-"
"RVBD_3702c","-"
"RVBD_3703c","-"
"RVBD_3704c","gshA"
"RVBD_3705c","-"
"RVBD_3705A","-"
"RVBD_3706c","-"
"RVBD_3706Ac","?"
"RVBD_3707c","-"
"RVBD_3708c","asd"
"RVBD_3709c","ask"
"RVBD_3710","leuA"
"RVBD_3711c","dnaQ"
"RVBD_3712","-"
"RVBD_3713","cobQ2"
"RVBD_3714c","-"
"RVBD_3715c","recR"
"RVBD_3716c","-"
"RVBD_3717","-"
"RVBD_3718c","-"
"RVBD_3719","-"
"RVBD_3720","-"
"RVBD_3721c","dnaZX"
"RVBD_3722c","-"
"RVBD_3723","-"
"RVBD_3724A","cut5a"
"RVBD_3724B","cut5b"
"RVBD_3725","-"
"RVBD_3725Ac","?"
"RVBD_3726","-"
"RVBD_3727","-"
"RVBD_3728","-"
"RVBD_3729","-"
"RVBD_3730c","-"
"RVBD_3731","ligC"
"RVBD_3732","-"
"RVBD_3733c","-"
"RVBD_3734c","tgs2"
"RVBD_3735","-"
"RVBD_3736","-"
"RVBD_3737","-"
"RVBD_3738c","PPE66"
"RVBD_3739c","PPE67"
"RVBD_3740c","-"
"RVBD_3741c","-"
"RVBD_3742c","-"
"RVBD_3743c","ctpJ"
"RVBD_3744","nmtR"
"RVBD_3745c","-"
"RVBD_3746c","PE34"
"RVBD_3747","-"
"RVBD_3748","-"
"RVBD_3749c","-"
"RVBD_3749Ac","?"
"RVBD_3750c","-"
"RVBD_3751","-"
"RVBD_3752c","-"
"RVBD_3753c","-"
"RVBD_3754","tyrA"
"RVBD_3755c","-"
"RVBD_3756c","proZ"
"RVBD_3757c","proW"
"RVBD_3758c","proV"
"RVBD_3759c","proX"
"RVBD_3760","-"
"RVBD_3761c","fadE36"
"RVBD_3762c","-"
"RVBD_3763","lpqH"
"RVBD_3764c","tcrY"
"RVBD_3765c","tcrX"
"RVBD_3766","-"
"RVBD_3767c","-"
"RVBD_3768","-"
"RVBD_3769","-"
"RVBD_3770c","-"
"RVBD_3770A","-"
"RVBD_3770B","-"
"RVBD_3771c","-"
"RVBD_3772","hisC2"
"RVBD_3773c","-"
"RVBD_3774","echA21"
"RVBD_3775","lipE"
"RVBD_3777","-"
"RVBD_3778c","-"
"RVBD_3779","-"
"RVBD_3780","-"
"RVBD_3781","rfbE"
"RVBD_3782","glfT1"
"RVBD_3783","rfbD"
"RVBD_3784","-"
"RVBD_3785","-"
"RVBD_3786c","-"
"RVBD_3787c","-"
"RVBD_3788","-"
"RVBD_3789","-"
"RVBD_3790","dprE1"
"RVBD_3791","dprE2"
"RVBD_3792","aftA"
"RVBD_3793","embC"
"RVBD_3794","embA"
"RVBD_3795","embB"
"RVBD_3796","-"
"RVBD_3797","fadE35"
"RVBD_3798","-"
"RVBD_3799c","accD4"
"RVBD_3800c","pks13"
"RVBD_3801c","fadD32"
"RVBD_3802c","-"
"RVBD_3803c","fbpD"
"RVBD_3804c","fbpA"
"RVBD_3805c","aftB"
"RVBD_3806c","ubiA"
"RVBD_3807c","-"
"RVBD_3808c","glfT2"
"RVBD_3809c","glf"
"RVBD_3810","pirG"
"RVBD_3811","-"
"RVBD_3812","PE_PGRS62"
"RVBD_3813c","-"
"RVBD_3814c","-"
"RVBD_3815c","-"
"RVBD_3816c","-"
"RVBD_3817","-"
"RVBD_3818","-"
"RVBD_3819","-"
"RVBD_3820c","papA2"
"RVBD_3821","-"
"RVBD_3822","-"
"RVBD_3823c","mmpL8"
"RVBD_3824c","papA1"
"RVBD_3825c","pks2"
"RVBD_3826","fadD23"
"RVBD_3827c","-"
"RVBD_3828c","-"
"RVBD_3829c","-"
"RVBD_3830c","-"
"RVBD_3831","-"
"RVBD_3832c","-"
"RVBD_3833","-"
"RVBD_3834c","serS"
"RVBD_3835","-"
"RVBD_3836","-"
"RVBD_3837c","-"
"RVBD_3838c","pheA"
"RVBD_3839","-"
"RVBD_3840","-"
"RVBD_3841","bfrB"
"RVBD_3842c","glpQ1"
"RVBD_3843c","-"
"RVBD_3844","-"
"RVBD_3845","-"
"RVBD_3845Ac","?"
"RVBD_3845Bc","?"
"RVBD_3846","sodA"
"RVBD_3847","-"
"RVBD_3848","-"
"RVBD_3849","espR"
"RVBD_3850","-"
"RVBD_3851","-"
"RVBD_3852","hns"
"RVBD_3853","rraA"
"RVBD_3854c","ethA"
"RVBD_3855","ethR"
"RVBD_3856c","-"
"RVBD_3857c","-"
"RVBD_3857Ac","?"
"RVBD_3858c","gltD"
"RVBD_3859c","gltB"
"RVBD_3860","-"
"RVBD_3861","-"
"RVBD_3862c","whiB6"
"RVBD_3863","-"
"RVBD_3864","espE"
"RVBD_3865","espF"
"RVBD_3866","espG1"
"RVBD_3867","espH"
"RVBD_3868","eccA1"
"RVBD_3869","eccB1"
"RVBD_3870","eccCa1"
"RVBD_3871","eccCb1"
"RVBD_3872","PE35"
"RVBD_3873","PPE68"
"RVBD_3874","esxB"
"RVBD_3875","esxA"
"RVBD_3876","espI"
"RVBD_3877","eccD1"
"RVBD_3878","espJ"
"RVBD_3879c","espK"
"RVBD_3880c","espL"
"RVBD_3881c","espB"
"RVBD_3882c","eccE1"
"RVBD_3883c","mycP1"
"RVBD_3884c","eccA2"
"RVBD_3885c","eccE2"
"RVBD_3886c","mycP2"
"RVBD_3887c","eccD2"
"RVBD_3888c","-"
"RVBD_3889c","espG2"
"RVBD_3890c","esxC"
"RVBD_3891c","esxD"
"RVBD_3892c","PPE69"
"RVBD_3893c","PE36"
"RVBD_3894c","eccC2"
"RVBD_3895c","eccB2"
"RVBD_3896c","-"
"RVBD_3897c","-"
"RVBD_3898c","-"
"RVBD_3899c","-"
"RVBD_3900c","-"
"RVBD_3901c","-"
"RVBD_3901A","?"
"RVBD_3902c","-"
"RVBD_3903c","-"
"RVBD_3904c","esxE"
"RVBD_3905c","esxF"
"RVBD_3906c","-"
"RVBD_3907c","pcnA"
"RVBD_3908","mutT4"
"RVBD_3909","-"
"RVBD_3910","-"
"RVBD_3911","sigM"
"RVBD_3912","-"
"RVBD_3913","trxB2"
"RVBD_3914","trxC"
"RVBD_3915","-"
"RVBD_3916c","-"
"RVBD_3917c","parB"
"RVBD_3918c","parA"
"RVBD_3919c","gid"
"RVBD_3920c","-"
"RVBD_3921c","-"
"RVBD_3922c","-"
"RVBD_3923c","rnpA"
"RVBD_3924c","rpmH"
